-- phpMyAdmin SQL Dump
-- version 4.8.3
-- https://www.phpmyadmin.net/
--
-- Host: 127.0.0.1
-- Generation Time: Sep 04, 2018 at 10:34 AM
-- Server version: 10.1.35-MariaDB
-- PHP Version: 7.2.9

SET SQL_MODE = "NO_AUTO_VALUE_ON_ZERO";
SET AUTOCOMMIT = 0;
START TRANSACTION;
SET time_zone = "+00:00";


/*!40101 SET @OLD_CHARACTER_SET_CLIENT=@@CHARACTER_SET_CLIENT */;
/*!40101 SET @OLD_CHARACTER_SET_RESULTS=@@CHARACTER_SET_RESULTS */;
/*!40101 SET @OLD_COLLATION_CONNECTION=@@COLLATION_CONNECTION */;
/*!40101 SET NAMES utf8mb4 */;

--
-- Database: `eapi`
--

-- --------------------------------------------------------

--
-- Table structure for table `migrations`
--

CREATE TABLE `migrations` (
  `id` int(10) UNSIGNED NOT NULL,
  `migration` varchar(191) COLLATE utf8mb4_unicode_ci NOT NULL,
  `batch` int(11) NOT NULL
) ENGINE=InnoDB DEFAULT CHARSET=utf8mb4 COLLATE=utf8mb4_unicode_ci;

--
-- Dumping data for table `migrations`
--

INSERT INTO `migrations` (`id`, `migration`, `batch`) VALUES
(1, '2014_10_12_000000_create_users_table', 1),
(2, '2014_10_12_100000_create_password_resets_table', 1),
(3, '2018_09_03_130057_create_products_table', 1),
(4, '2018_09_03_130302_create_reviews_table', 1);

-- --------------------------------------------------------

--
-- Table structure for table `password_resets`
--

CREATE TABLE `password_resets` (
  `email` varchar(191) COLLATE utf8mb4_unicode_ci NOT NULL,
  `token` varchar(191) COLLATE utf8mb4_unicode_ci NOT NULL,
  `created_at` timestamp NULL DEFAULT NULL
) ENGINE=InnoDB DEFAULT CHARSET=utf8mb4 COLLATE=utf8mb4_unicode_ci;

-- --------------------------------------------------------

--
-- Table structure for table `products`
--

CREATE TABLE `products` (
  `id` int(10) UNSIGNED NOT NULL,
  `name` varchar(191) COLLATE utf8mb4_unicode_ci NOT NULL,
  `detail` text COLLATE utf8mb4_unicode_ci NOT NULL,
  `price` int(11) NOT NULL,
  `stock` int(11) NOT NULL,
  `dicount` int(11) NOT NULL,
  `created_at` timestamp NULL DEFAULT NULL,
  `updated_at` timestamp NULL DEFAULT NULL
) ENGINE=InnoDB DEFAULT CHARSET=utf8mb4 COLLATE=utf8mb4_unicode_ci;

--
-- Dumping data for table `products`
--

INSERT INTO `products` (`id`, `name`, `detail`, `price`, `stock`, `dicount`, `created_at`, `updated_at`) VALUES
(1, 'architecto', 'Eaque sint numquam ea aperiam voluptatibus inventore nemo. Necessitatibus aut labore deleniti eveniet officia omnis mollitia. Suscipit sunt error aut necessitatibus pariatur.', 785, 1, 18, '2018-09-04 02:24:28', '2018-09-04 02:24:28'),
(2, 'in', 'Assumenda et iste autem. Atque impedit eligendi voluptatem illum aut earum. Omnis omnis et suscipit doloribus placeat impedit.', 496, 8, 2, '2018-09-04 02:24:28', '2018-09-04 02:24:28'),
(3, 'at', 'Architecto veniam iste sit in eaque quam consequatur. Ut magni eos necessitatibus fugiat. Praesentium quia saepe qui. Debitis dolores natus quaerat velit voluptatum eum ipsam.', 989, 1, 21, '2018-09-04 02:24:28', '2018-09-04 02:24:28'),
(4, 'aliquam', 'Architecto ducimus ut vel quo amet. Aut labore laborum illo commodi soluta. Soluta sed odio ipsa similique non qui.', 312, 0, 11, '2018-09-04 02:24:28', '2018-09-04 02:24:28'),
(5, 'ipsum', 'Et ut perspiciatis excepturi error amet. Voluptas beatae assumenda pariatur ratione autem. Reiciendis quo illum aut autem autem delectus voluptatum. Iste est est laudantium cumque quam rerum ut.', 406, 5, 30, '2018-09-04 02:24:28', '2018-09-04 02:24:28'),
(6, 'deserunt', 'Quos nisi et et maiores odio dolores omnis in. Voluptatum tenetur ad tenetur rerum non est. Voluptas voluptate perferendis nam qui. Vero eveniet animi fuga perferendis.', 793, 9, 22, '2018-09-04 02:24:28', '2018-09-04 02:24:28'),
(7, 'at', 'Laboriosam culpa repellat expedita voluptas eos neque. A ullam illo labore aperiam sed quo iusto. Quaerat assumenda et aspernatur hic tempora eius sit saepe.', 854, 5, 4, '2018-09-04 02:24:28', '2018-09-04 02:24:28'),
(8, 'eum', 'Dolorem dolore vel odio fugiat voluptatem. Aliquam est adipisci natus consectetur officiis. Ut veniam aspernatur ut minus est saepe sunt aut. Voluptatem numquam nostrum omnis aut ipsam.', 965, 7, 27, '2018-09-04 02:24:28', '2018-09-04 02:24:28'),
(9, 'et', 'Deleniti molestiae exercitationem aliquam perspiciatis consequatur officia. Laudantium delectus qui voluptatum qui corporis sequi aut. Aut provident quos aspernatur est.', 964, 0, 14, '2018-09-04 02:24:28', '2018-09-04 02:24:28'),
(10, 'sit', 'Blanditiis provident deleniti non et eaque. Quisquam necessitatibus ea dolor officia laboriosam est alias. Sit labore recusandae praesentium et deserunt sit.', 302, 7, 22, '2018-09-04 02:24:28', '2018-09-04 02:24:28'),
(11, 'similique', 'Aut voluptas sequi perspiciatis fugit possimus ipsam iusto voluptas. Soluta repellendus minima enim omnis est et. Ut impedit quisquam quis sit.', 402, 1, 18, '2018-09-04 02:24:28', '2018-09-04 02:24:28'),
(12, 'asperiores', 'Non maiores sit et. Dignissimos quis minima non perferendis beatae assumenda sit quo. Quaerat et saepe ipsum dolores. Quo rerum aliquid fuga quaerat at.', 420, 8, 10, '2018-09-04 02:24:28', '2018-09-04 02:24:28'),
(13, 'sed', 'Molestiae adipisci laborum dolorum quidem ducimus. Omnis hic voluptatum aut suscipit deleniti dolor quidem cupiditate. Ex enim ut accusantium quia et. Quod qui debitis consectetur harum quam aut.', 166, 1, 24, '2018-09-04 02:24:28', '2018-09-04 02:24:28'),
(14, 'occaecati', 'Magni autem eum quos voluptas sed consequatur. Id necessitatibus odit aperiam omnis nemo architecto minus. Nam a quibusdam consequatur voluptas. Laudantium ut eum autem ex eum possimus sit.', 484, 5, 27, '2018-09-04 02:24:28', '2018-09-04 02:24:28'),
(15, 'magni', 'Fugit asperiores sunt commodi ducimus non sed. Et atque et impedit cumque. Dolore distinctio ducimus debitis. Accusantium dicta distinctio quos reiciendis.', 928, 6, 30, '2018-09-04 02:24:28', '2018-09-04 02:24:28'),
(16, 'sed', 'Ipsa ut enim autem minima blanditiis voluptas rerum eveniet. Ullam dolores iusto doloribus corrupti. Aperiam ducimus provident aut iure quo. Similique vitae et sit rem quia consequatur.', 137, 0, 19, '2018-09-04 02:24:28', '2018-09-04 02:24:28'),
(17, 'animi', 'Voluptatem et quam nam suscipit labore fugiat. Minus earum veritatis magnam error eligendi incidunt dolor. Quis consectetur a eum consequatur non alias. Rerum et dolorum enim quod molestiae eaque voluptas.', 723, 2, 20, '2018-09-04 02:24:28', '2018-09-04 02:24:28'),
(18, 'quo', 'Rerum nemo voluptatem porro quisquam. Iste dolorem deserunt non et. Pariatur qui odit quibusdam facere et alias sint. Dolor debitis veritatis eos aut ut nulla voluptas.', 955, 3, 7, '2018-09-04 02:24:28', '2018-09-04 02:24:28'),
(19, 'quia', 'Iste dolores culpa ut aut. Quod facilis quisquam natus sit expedita.', 862, 6, 30, '2018-09-04 02:24:28', '2018-09-04 02:24:28'),
(20, 'sit', 'Repellat ab hic et natus aliquam quas. Labore sunt quo rerum distinctio sapiente. Blanditiis asperiores magni eum vitae hic. Neque dolores facere eum placeat numquam.', 740, 9, 10, '2018-09-04 02:24:28', '2018-09-04 02:24:28'),
(21, 'optio', 'Neque aperiam dolores et est harum quaerat esse. Explicabo aut sit repudiandae vel et. Id omnis nihil vitae sequi et. Explicabo veritatis sequi nobis.', 725, 5, 16, '2018-09-04 02:24:28', '2018-09-04 02:24:28'),
(22, 'laborum', 'Nihil voluptas quam nemo non illum quia eveniet. Recusandae veniam aut ut non laboriosam id commodi. Et non aut sed magnam laborum.', 335, 4, 8, '2018-09-04 02:24:28', '2018-09-04 02:24:28'),
(23, 'est', 'Id ratione aut tenetur quam voluptatem praesentium. Velit nihil possimus hic et et dolores illum voluptas. Rerum recusandae dolorum dicta eum.', 349, 9, 29, '2018-09-04 02:24:28', '2018-09-04 02:24:28'),
(24, 'quod', 'Illo ut saepe fugiat vel. Non veniam iure cumque quae. Tempore enim sapiente quo repellat iusto. Quidem voluptate rerum reprehenderit possimus sit eos a in.', 738, 7, 22, '2018-09-04 02:24:28', '2018-09-04 02:24:28'),
(25, 'sit', 'Numquam ducimus earum et eum voluptas animi qui. Possimus dolorum minus tenetur reiciendis praesentium saepe qui. Delectus aut numquam laudantium consequatur. Voluptas qui eveniet incidunt.', 136, 7, 6, '2018-09-04 02:24:28', '2018-09-04 02:24:28'),
(26, 'atque', 'In quia excepturi consequatur. Nulla eum maiores est sed officia. Quo eius doloremque assumenda et non.', 816, 8, 26, '2018-09-04 02:24:28', '2018-09-04 02:24:28'),
(27, 'pariatur', 'Optio officiis ipsum aspernatur ut nemo dignissimos ratione qui. Vitae vitae tempora est qui cupiditate maiores. Sapiente vel quidem assumenda eos neque reprehenderit.', 666, 5, 8, '2018-09-04 02:24:28', '2018-09-04 02:24:28'),
(28, 'quidem', 'Aut exercitationem qui aut ratione repellendus quia voluptas numquam. Ut consectetur quia labore. Id qui explicabo corrupti.', 170, 1, 25, '2018-09-04 02:24:29', '2018-09-04 02:24:29'),
(29, 'voluptas', 'Voluptatibus voluptate ea eius atque et itaque voluptas. Est dolor distinctio et tempora. Quas eos qui porro neque. Quam est sint velit architecto. Doloribus commodi omnis non iure.', 139, 7, 22, '2018-09-04 02:24:29', '2018-09-04 02:24:29'),
(30, 'alias', 'Molestiae cupiditate dolores dolorem magnam et et. Facere veritatis blanditiis et dicta unde. Et ullam placeat assumenda omnis id. Iste perferendis qui ipsam voluptatem adipisci sit reprehenderit.', 622, 4, 19, '2018-09-04 02:24:29', '2018-09-04 02:24:29'),
(31, 'rem', 'Sit blanditiis laborum tempore hic. Optio minus natus suscipit aut laudantium. Itaque nam sequi dicta neque.', 236, 3, 26, '2018-09-04 02:24:29', '2018-09-04 02:24:29'),
(32, 'ut', 'Veniam aspernatur quo omnis eaque quasi voluptates ipsa. Voluptas excepturi dolorem laudantium maiores ut. Quam porro ipsa ducimus totam a minima dolores.', 263, 5, 22, '2018-09-04 02:24:29', '2018-09-04 02:24:29'),
(33, 'itaque', 'Provident optio earum autem. Sed aut voluptate voluptatum assumenda quae dignissimos beatae. Et vel similique qui vel omnis est eos.', 437, 2, 26, '2018-09-04 02:24:29', '2018-09-04 02:24:29'),
(34, 'nam', 'Repellat ut repudiandae officiis quibusdam eum voluptate in. Maiores consequatur corporis soluta ipsam velit a. Est sit rerum laborum qui aut nisi.', 231, 8, 3, '2018-09-04 02:24:29', '2018-09-04 02:24:29'),
(35, 'aut', 'Consequatur officiis quia distinctio. Sed voluptatem rerum provident alias voluptas error. Recusandae ab a est rerum reprehenderit esse maiores error. Et a neque voluptatem enim.', 147, 3, 30, '2018-09-04 02:24:29', '2018-09-04 02:24:29'),
(36, 'quas', 'Voluptas perspiciatis iste nihil ut quaerat. Soluta doloribus eveniet voluptatem quo quas et consequatur. Molestiae dolorem sit doloremque quia sunt fugit harum. Ut numquam consectetur minima velit consequatur qui delectus.', 851, 4, 14, '2018-09-04 02:24:29', '2018-09-04 02:24:29'),
(37, 'sequi', 'Soluta pariatur consequatur fugit laboriosam. Deserunt consequatur ullam dolorum laudantium. Asperiores blanditiis debitis nemo explicabo voluptas quia sunt. Consequatur ut voluptas sint ea. Architecto dolorem ut nemo aut ipsum.', 654, 1, 14, '2018-09-04 02:24:29', '2018-09-04 02:24:29'),
(38, 'accusantium', 'Quas omnis est eius unde quia aut. Vero dolor impedit dolores cumque. Maxime sit expedita excepturi et repudiandae et incidunt adipisci. Maxime quam facere sunt minima odit eaque.', 605, 8, 27, '2018-09-04 02:24:29', '2018-09-04 02:24:29'),
(39, 'ipsa', 'Delectus quaerat tempore repudiandae vitae. Incidunt ut aliquam molestias temporibus. Quis quo qui voluptatem aut qui id. Natus occaecati quis inventore ratione debitis quis voluptatem.', 441, 2, 22, '2018-09-04 02:24:29', '2018-09-04 02:24:29'),
(40, 'repudiandae', 'Voluptatem ipsum perferendis enim non alias. Provident dolores iure eum quasi voluptas rerum tempora. Voluptas est dignissimos aperiam aspernatur aut. Perferendis quibusdam quod quas magnam earum.', 108, 7, 26, '2018-09-04 02:24:29', '2018-09-04 02:24:29'),
(41, 'et', 'Suscipit dolor voluptates voluptatibus ad magnam voluptas sit. Ut alias adipisci sint. Nisi sunt repudiandae molestiae iure numquam quidem. Consequatur sapiente aut id omnis et natus nesciunt.', 986, 8, 9, '2018-09-04 02:24:29', '2018-09-04 02:24:29'),
(42, 'officiis', 'Quisquam qui ut officia. Qui aliquid sapiente quia repudiandae illo libero omnis illum. Fugiat quia asperiores reprehenderit. Non doloribus omnis nihil voluptates rerum eum. Distinctio molestiae et deserunt temporibus rerum rerum est.', 249, 8, 10, '2018-09-04 02:24:29', '2018-09-04 02:24:29'),
(43, 'sunt', 'Iure veritatis ut provident magnam quaerat. Voluptatem sit aliquam qui qui et sit accusantium. Iste dicta aut hic.', 790, 3, 5, '2018-09-04 02:24:29', '2018-09-04 02:24:29'),
(44, 'repellendus', 'Qui porro porro consequuntur laudantium. Dolores porro architecto numquam repellat delectus ut totam. Animi non excepturi quia ea magni. Vitae eveniet voluptatum dolores repudiandae alias enim.', 757, 7, 26, '2018-09-04 02:24:29', '2018-09-04 02:24:29'),
(45, 'blanditiis', 'Ex molestiae quia adipisci officia autem nostrum accusamus. Non aliquam vel officia qui dolorum. Ducimus vel repellendus doloribus harum sit. Doloremque adipisci tempora minima explicabo vitae delectus eum.', 773, 8, 19, '2018-09-04 02:24:29', '2018-09-04 02:24:29'),
(46, 'doloremque', 'Dolorem ad ut sequi. Ea voluptatem doloribus eos blanditiis. A velit omnis accusantium deleniti commodi nesciunt incidunt.', 710, 1, 14, '2018-09-04 02:24:29', '2018-09-04 02:24:29'),
(47, 'aspernatur', 'Dolores sit molestias omnis est id. Corporis velit ut perspiciatis consequatur. Et eaque sunt et possimus natus voluptates ratione.', 600, 0, 24, '2018-09-04 02:24:29', '2018-09-04 02:24:29'),
(48, 'similique', 'Sed sed ullam et voluptas sed harum totam. Ab rerum dolores quibusdam sint deleniti. Reiciendis itaque id qui sed rerum facere. Quam vel neque id nesciunt sit quidem aut.', 463, 1, 5, '2018-09-04 02:24:29', '2018-09-04 02:24:29'),
(49, 'aut', 'Consequatur soluta ullam repellat rerum. Nobis molestias ex repellat enim nesciunt nihil. Laboriosam eos culpa qui ab consequatur ut numquam.', 390, 1, 4, '2018-09-04 02:24:29', '2018-09-04 02:24:29'),
(50, 'quisquam', 'Assumenda recusandae perferendis cumque unde architecto voluptates quia velit. Deleniti sed cum suscipit minima. Error reiciendis tempore cum voluptatum necessitatibus soluta consequatur. Culpa iure incidunt quia ad.', 686, 0, 27, '2018-09-04 02:24:29', '2018-09-04 02:24:29');

-- --------------------------------------------------------

--
-- Table structure for table `reviews`
--

CREATE TABLE `reviews` (
  `id` int(10) UNSIGNED NOT NULL,
  `product_id` int(10) UNSIGNED NOT NULL,
  `customer` varchar(191) COLLATE utf8mb4_unicode_ci NOT NULL,
  `review` text COLLATE utf8mb4_unicode_ci NOT NULL,
  `star` int(11) NOT NULL,
  `created_at` timestamp NULL DEFAULT NULL,
  `updated_at` timestamp NULL DEFAULT NULL
) ENGINE=InnoDB DEFAULT CHARSET=utf8mb4 COLLATE=utf8mb4_unicode_ci;

--
-- Dumping data for table `reviews`
--

INSERT INTO `reviews` (`id`, `product_id`, `customer`, `review`, `star`, `created_at`, `updated_at`) VALUES
(1, 48, 'officia', 'Beatae laboriosam ipsam optio ut consequuntur. Eaque ut accusantium quidem. Magni sit voluptas qui iusto ex voluptates et. Iure quasi repudiandae saepe vel eveniet accusantium rerum. Doloribus cum molestias unde voluptatem assumenda qui et sit.', 0, '2018-09-04 02:24:30', '2018-09-04 02:24:30'),
(2, 3, 'beatae', 'Sed corrupti quas laboriosam rerum. Non delectus quos quidem iste. Aut perspiciatis dolorem doloremque molestiae iure eos voluptatum. Voluptatem dolorem maiores earum voluptatibus reprehenderit voluptatem nisi.', 3, '2018-09-04 02:24:30', '2018-09-04 02:24:30'),
(3, 11, 'esse', 'Tenetur est et nesciunt a quis est voluptatibus. Quibusdam voluptatem quam ipsum quia. Voluptatum sint quia esse.', 4, '2018-09-04 02:24:30', '2018-09-04 02:24:30'),
(4, 42, 'dolores', 'Id et et est quia velit ea. Deserunt non quia enim esse. Ea rerum cumque similique nemo magnam esse.', 3, '2018-09-04 02:24:30', '2018-09-04 02:24:30'),
(5, 4, 'et', 'Omnis ex ut est dolore. Veritatis ullam eum sint quis aliquid aut omnis. Magnam enim aliquid enim perferendis laboriosam. Ad sit vel modi quo voluptatum.', 2, '2018-09-04 02:24:30', '2018-09-04 02:24:30'),
(6, 9, 'suscipit', 'Cupiditate culpa explicabo iusto ipsam. Est quam error deleniti eveniet cupiditate in. Non excepturi optio maiores ut et eum. Officiis eos molestiae ut ut nostrum voluptatem autem.', 4, '2018-09-04 02:24:30', '2018-09-04 02:24:30'),
(7, 44, 'ab', 'Recusandae illum officia consectetur aut laboriosam. Voluptatem atque nesciunt et distinctio pariatur tempora autem. Ut voluptatum sed maiores provident quia. Rem similique veniam minus dolores laboriosam.', 5, '2018-09-04 02:24:30', '2018-09-04 02:24:30'),
(8, 33, 'laboriosam', 'Ad possimus placeat ut debitis quo. Provident incidunt sit unde optio qui. Cumque blanditiis officiis architecto possimus ut quidem vitae. Tempore quia sed temporibus sapiente.', 5, '2018-09-04 02:24:30', '2018-09-04 02:24:30'),
(9, 9, 'velit', 'Omnis optio nihil dolore adipisci fuga molestias dolorem magni. Dolor ad et aut dicta. Odit et corrupti quam dolorem quisquam nesciunt. Ut provident est dolores totam provident aut quasi. Debitis aut ea architecto aut.', 4, '2018-09-04 02:24:30', '2018-09-04 02:24:30'),
(10, 26, 'illo', 'Sunt numquam magnam aut nihil et accusantium. Et et error provident vel quibusdam odio minima. In magnam quae magnam esse. Impedit qui eos consequatur et architecto. Laborum laboriosam quam velit.', 5, '2018-09-04 02:24:30', '2018-09-04 02:24:30'),
(11, 42, 'perspiciatis', 'Et reprehenderit sed qui consectetur fugiat corrupti. Ipsa ea sapiente voluptates libero voluptatem consequatur. Quas ut est illum culpa illo dolores unde quia.', 5, '2018-09-04 02:24:30', '2018-09-04 02:24:30'),
(12, 34, 'officiis', 'Deleniti velit perferendis consequatur iure magnam incidunt. Et eum dolores accusantium inventore officiis et. Quasi sequi sint similique magnam delectus. Natus sint autem qui voluptas aliquam. Id repellendus quia sit ut sapiente.', 1, '2018-09-04 02:24:30', '2018-09-04 02:24:30'),
(13, 26, 'laboriosam', 'Et dolores omnis libero ipsa et. Ea quia est beatae non dolores repellendus ut. Accusantium voluptatem impedit autem accusamus labore et neque sed. Ut velit at optio voluptas asperiores.', 1, '2018-09-04 02:24:30', '2018-09-04 02:24:30'),
(14, 31, 'distinctio', 'Consequuntur velit earum aut nam vitae delectus. Qui dolorem blanditiis voluptate fuga totam. Sint quis dignissimos eaque odit tempore quia ducimus. Molestiae ipsum similique repudiandae similique reprehenderit consequatur.', 1, '2018-09-04 02:24:30', '2018-09-04 02:24:30'),
(15, 23, 'eos', 'Vel sunt ea illo amet rerum deleniti. Voluptatem pariatur id et optio. Porro quae adipisci eligendi neque eaque. Nam libero exercitationem architecto rem. Distinctio nulla non optio quos odit eligendi.', 5, '2018-09-04 02:24:30', '2018-09-04 02:24:30'),
(16, 38, 'ut', 'Officia et non dolores temporibus quod doloremque sed. Assumenda hic aut numquam et eaque autem id. Possimus ut temporibus omnis sed ut et nemo.', 4, '2018-09-04 02:24:30', '2018-09-04 02:24:30'),
(17, 47, 'vitae', 'Veniam molestias aut reiciendis tempora. Quo ex delectus qui et quo. Amet ipsum voluptatem nulla vero sit.', 0, '2018-09-04 02:24:30', '2018-09-04 02:24:30'),
(18, 21, 'labore', 'Error assumenda vel suscipit eum adipisci quam. Ut ut enim sit eos eum omnis.', 2, '2018-09-04 02:24:30', '2018-09-04 02:24:30'),
(19, 41, 'sed', 'Fugit ab et non ullam sit numquam. Voluptatum ratione deserunt laboriosam dolores voluptatum repellat. Aut est iure animi nostrum.', 3, '2018-09-04 02:24:30', '2018-09-04 02:24:30'),
(20, 46, 'quia', 'Quia odio cum magnam suscipit. Amet cumque id hic dolorem assumenda nemo sit. Dolores commodi tempora hic temporibus et itaque.', 4, '2018-09-04 02:24:30', '2018-09-04 02:24:30'),
(21, 24, 'error', 'Sit tempore eligendi reiciendis sunt dolor voluptatem. Qui aut nihil mollitia perferendis fuga sequi consequatur quibusdam. Adipisci sequi dignissimos ratione consequatur.', 1, '2018-09-04 02:24:30', '2018-09-04 02:24:30'),
(22, 34, 'voluptatem', 'Ipsa animi sed inventore et blanditiis est aliquam. Ipsam libero a voluptas ea. Fugit eligendi aut architecto.', 0, '2018-09-04 02:24:30', '2018-09-04 02:24:30'),
(23, 44, 'doloremque', 'Voluptatum dignissimos quam est magnam numquam mollitia hic. Voluptatibus veniam et quasi porro vitae odio repellendus. Dignissimos aperiam ipsa repudiandae dignissimos aliquam corporis.', 1, '2018-09-04 02:24:30', '2018-09-04 02:24:30'),
(24, 24, 'non', 'Rerum eum rem vel et modi nam. Corporis saepe voluptatum cupiditate aut quisquam reiciendis. Odio voluptate atque occaecati commodi voluptates adipisci.', 2, '2018-09-04 02:24:30', '2018-09-04 02:24:30'),
(25, 41, 'similique', 'Est nisi occaecati at illo ea. Omnis vero deserunt sunt et et omnis asperiores ipsam. Ut quos impedit ad asperiores ut voluptatibus.', 4, '2018-09-04 02:24:30', '2018-09-04 02:24:30'),
(26, 34, 'dolorem', 'Magni esse eos cum sit aliquam nihil. Optio id sint quia. Quisquam deleniti et ea sed natus.', 5, '2018-09-04 02:24:30', '2018-09-04 02:24:30'),
(27, 23, 'consequatur', 'Quia mollitia saepe ut quasi nisi est fugit quos. Voluptate accusamus dolorem quasi est ea nihil. Aperiam quo molestiae et et ea aut quam. Facere possimus ut qui tenetur soluta.', 4, '2018-09-04 02:24:30', '2018-09-04 02:24:30'),
(28, 32, 'id', 'Repudiandae qui omnis quas qui cumque quisquam eos quis. Odit voluptatibus deserunt ratione. Voluptatum qui provident est velit porro.', 3, '2018-09-04 02:24:30', '2018-09-04 02:24:30'),
(29, 36, 'quos', 'Aut possimus cum possimus quae cumque. Et et ea nihil voluptas sed maxime. Est est aliquid illum similique est sunt dolorem.', 0, '2018-09-04 02:24:31', '2018-09-04 02:24:31'),
(30, 22, 'similique', 'Praesentium voluptatem ut culpa aut magnam eaque error. Atque enim maxime eos quis reprehenderit illo. Ipsam doloribus ut facere in necessitatibus maxime ad.', 4, '2018-09-04 02:24:31', '2018-09-04 02:24:31'),
(31, 44, 'omnis', 'Numquam doloremque velit aspernatur. Sequi tempore qui numquam deserunt consequatur sit nostrum. Magni ipsum aut ex fugiat omnis alias voluptas.', 5, '2018-09-04 02:24:31', '2018-09-04 02:24:31'),
(32, 19, 'esse', 'Libero eaque animi sed aut et. Temporibus nostrum voluptatibus sint iusto velit eum qui. Nihil est ipsum nulla commodi odio. Voluptatum veritatis delectus expedita similique.', 0, '2018-09-04 02:24:31', '2018-09-04 02:24:31'),
(33, 35, 'sit', 'Modi aliquid nobis aliquam delectus ut dolor expedita. Sed corrupti sit illum tempore ut quasi ducimus. Repellat incidunt deleniti debitis qui aut reiciendis.', 4, '2018-09-04 02:24:31', '2018-09-04 02:24:31'),
(34, 13, 'recusandae', 'Modi occaecati unde minus eveniet. Reiciendis labore mollitia illum laborum recusandae ea. Officia eveniet blanditiis quia qui.', 5, '2018-09-04 02:24:31', '2018-09-04 02:24:31'),
(35, 34, 'nobis', 'Eius consequuntur non voluptas est cum est dolorem. Reiciendis voluptatem repudiandae maxime voluptatem dicta. Laborum nostrum labore eos tempore corporis.', 3, '2018-09-04 02:24:31', '2018-09-04 02:24:31'),
(36, 40, 'magnam', 'Autem et iste doloribus accusantium dolores ratione. Ut non magnam provident nesciunt sed repellendus harum. Ad reprehenderit voluptatem maiores rerum eum ea. Voluptates atque sunt fugiat non exercitationem quis.', 0, '2018-09-04 02:24:31', '2018-09-04 02:24:31'),
(37, 37, 'id', 'Aut amet nihil in quaerat. Rem occaecati voluptate vel quia quod incidunt. Et doloribus sint maxime earum dolores.', 5, '2018-09-04 02:24:31', '2018-09-04 02:24:31'),
(38, 11, 'quibusdam', 'Velit in voluptas officia sequi vel voluptate. Autem labore illum accusamus sit impedit aperiam quo laborum.', 3, '2018-09-04 02:24:31', '2018-09-04 02:24:31'),
(39, 9, 'qui', 'Sint eos iste facilis corporis amet. Fuga eum aut ut inventore ut id ut. Nemo non rem adipisci quas et. Magnam voluptatem placeat et dolores.', 1, '2018-09-04 02:24:31', '2018-09-04 02:24:31'),
(40, 16, 'sunt', 'Molestias repudiandae ea molestiae voluptates vitae et. Earum aliquid dolorem veniam odio illo. Tempore quis nihil magni sunt. Rerum explicabo earum consequatur laborum consectetur assumenda.', 1, '2018-09-04 02:24:31', '2018-09-04 02:24:31'),
(41, 34, 'voluptatem', 'Perferendis amet excepturi et eos. Non consequuntur ex cumque et enim. Error voluptas molestiae consequatur. Aperiam id amet saepe.', 2, '2018-09-04 02:24:31', '2018-09-04 02:24:31'),
(42, 42, 'qui', 'Aperiam odio doloremque excepturi soluta. Explicabo impedit aliquam nesciunt velit ab excepturi sunt. Eum dignissimos voluptatem alias quia molestias tenetur sapiente.', 5, '2018-09-04 02:24:31', '2018-09-04 02:24:31'),
(43, 36, 'nam', 'Voluptatem a repudiandae illum optio ad. Quaerat voluptatem et molestiae. Quisquam odio quisquam quia modi similique.', 0, '2018-09-04 02:24:31', '2018-09-04 02:24:31'),
(44, 36, 'id', 'Consequatur repudiandae provident facere sed. Nisi ad et debitis necessitatibus consequatur et.', 5, '2018-09-04 02:24:31', '2018-09-04 02:24:31'),
(45, 3, 'quae', 'Praesentium sed nesciunt impedit assumenda labore. Voluptas est at debitis maiores corporis maiores voluptate vel. Qui qui maiores sunt iste. Sapiente ipsum reprehenderit minus laboriosam doloremque. Fugiat a reprehenderit alias provident in excepturi.', 0, '2018-09-04 02:24:31', '2018-09-04 02:24:31'),
(46, 48, 'perspiciatis', 'Fuga quis nesciunt soluta et dolore corrupti. Minima aut minima ad.', 0, '2018-09-04 02:24:31', '2018-09-04 02:24:31'),
(47, 38, 'officia', 'Et et sed adipisci pariatur. Consequatur iusto ut cupiditate reiciendis non. Eum voluptatem aliquid reprehenderit. Aut possimus non velit culpa nisi at tempore.', 2, '2018-09-04 02:24:31', '2018-09-04 02:24:31'),
(48, 6, 'voluptatem', 'Et ut molestias ut enim quos eius eum et. Illum hic doloribus voluptatibus molestias. Consequatur assumenda praesentium molestiae. Rerum totam tempora suscipit porro.', 2, '2018-09-04 02:24:31', '2018-09-04 02:24:31'),
(49, 4, 'commodi', 'Molestias repudiandae modi est neque sapiente voluptatem enim rerum. Perferendis sit et odio distinctio est delectus ipsum. Enim omnis sed dolor nemo magnam facilis facere. Dolor consequuntur ut amet eum voluptate sunt.', 5, '2018-09-04 02:24:31', '2018-09-04 02:24:31'),
(50, 18, 'neque', 'Rerum dignissimos sed maxime in. Qui fugiat et alias voluptatibus. Sed aut illo molestiae ea nulla maiores sed. Blanditiis molestiae consequatur et fugit sint fuga. Et voluptatem perferendis repellendus quasi.', 5, '2018-09-04 02:24:31', '2018-09-04 02:24:31'),
(51, 34, 'est', 'Recusandae et dolorum dolorem aut autem. Voluptatem accusantium nihil repellendus aperiam similique et culpa. Commodi assumenda optio nam. Suscipit perspiciatis et nemo molestias provident ut. Quis et voluptas ut fugiat eaque sapiente laborum quae.', 0, '2018-09-04 02:24:31', '2018-09-04 02:24:31'),
(52, 24, 'aliquid', 'Libero ut harum illum aut eos voluptatem esse. Aliquam assumenda cumque totam tempora. Sapiente consequuntur sint voluptatem accusamus voluptate soluta.', 3, '2018-09-04 02:24:31', '2018-09-04 02:24:31'),
(53, 37, 'odio', 'Voluptas perspiciatis id ea quasi asperiores eos. Sint cumque ratione maiores magni voluptatem ea architecto. Aspernatur officiis rerum consectetur nisi quia dignissimos dolores. Harum et est est dolorem.', 5, '2018-09-04 02:24:31', '2018-09-04 02:24:31'),
(54, 31, 'dolor', 'Consequuntur laborum amet neque itaque est quis. Ducimus error in veniam aspernatur. Quisquam harum aliquid dolores dicta fugit rem. Maiores ea vitae vel ab incidunt sit.', 5, '2018-09-04 02:24:31', '2018-09-04 02:24:31'),
(55, 27, 'eligendi', 'Delectus fugiat quia id iste iusto. Rerum sit accusantium est hic sed est inventore dolores. Alias facere ut quia nam natus.', 1, '2018-09-04 02:24:31', '2018-09-04 02:24:31'),
(56, 39, 'dolores', 'Magni nesciunt ut et ut cupiditate est. Nostrum ut reprehenderit fugiat dolorem sit. Possimus aspernatur ad id nihil voluptatem veritatis consequatur. Ea minima dolorum ut nihil molestiae et placeat.', 2, '2018-09-04 02:24:31', '2018-09-04 02:24:31'),
(57, 39, 'accusantium', 'Quasi saepe voluptatem ratione fugiat quam aut consequatur. Ipsam distinctio non omnis. Non consequuntur alias quasi minus. Quis sed quos et rerum ducimus.', 2, '2018-09-04 02:24:31', '2018-09-04 02:24:31'),
(58, 49, 'atque', 'Ad et ex iure ea a sapiente quia. Amet corrupti pariatur asperiores magni. Et corporis vero suscipit laborum. Officia soluta quos eius commodi.', 4, '2018-09-04 02:24:31', '2018-09-04 02:24:31'),
(59, 27, 'quia', 'Esse molestiae voluptas eum molestias impedit repudiandae. Provident officiis eveniet aspernatur laboriosam sit. Pariatur veritatis et quibusdam quaerat amet delectus. Enim repudiandae cumque sed delectus reprehenderit. Qui nulla tempore ab minus necessitatibus assumenda.', 0, '2018-09-04 02:24:31', '2018-09-04 02:24:31'),
(60, 13, 'illo', 'Sequi ut at molestiae eius molestiae et maxime. Nemo ut est sed sunt aliquid adipisci commodi nemo. Quae quisquam quam molestias quae. Et voluptatem in maxime in.', 1, '2018-09-04 02:24:31', '2018-09-04 02:24:31'),
(61, 24, 'tempora', 'Molestias et debitis molestiae et rerum voluptas corporis. Et quam libero labore est eaque ullam minus.', 4, '2018-09-04 02:24:32', '2018-09-04 02:24:32'),
(62, 10, 'sit', 'Quae soluta velit ipsa ea eum corporis. A alias non reprehenderit. Aspernatur vero et modi sint.', 1, '2018-09-04 02:24:32', '2018-09-04 02:24:32'),
(63, 6, 'ut', 'Corrupti vitae dicta expedita aliquid quae est temporibus. Iste id repellendus sit ipsa. Rerum fugit similique ab nihil rerum et voluptatibus ab.', 4, '2018-09-04 02:24:32', '2018-09-04 02:24:32'),
(64, 36, 'qui', 'Voluptatum vel aut sequi. Recusandae error saepe ipsam optio cum quia. Voluptatem magni rerum sint odit voluptatum fugiat.', 4, '2018-09-04 02:24:32', '2018-09-04 02:24:32'),
(65, 19, 'et', 'Est distinctio ex non sed dicta dicta et. Corporis ex velit in accusamus harum. Id voluptas voluptatum perferendis quo.', 0, '2018-09-04 02:24:32', '2018-09-04 02:24:32'),
(66, 24, 'accusantium', 'Repellat at architecto et eveniet odit sit. Magni sit magnam blanditiis aut dolor. Et id vel corporis suscipit ut et. Est nesciunt qui ut consequatur est ratione.', 5, '2018-09-04 02:24:32', '2018-09-04 02:24:32'),
(67, 18, 'dolor', 'Alias veritatis itaque dolor optio magni ipsam repudiandae. Eum totam voluptas a reprehenderit dolore occaecati ratione rerum. Nihil dolorem debitis atque provident quas expedita blanditiis id. Doloribus temporibus qui qui voluptatem quod.', 2, '2018-09-04 02:24:32', '2018-09-04 02:24:32'),
(68, 8, 'et', 'Sit magnam et molestiae quia. Et vitae excepturi delectus et consequuntur exercitationem necessitatibus. Dolorem laudantium est neque voluptatibus. Optio nobis et suscipit est aliquid aut et facilis.', 1, '2018-09-04 02:24:32', '2018-09-04 02:24:32'),
(69, 12, 'ipsam', 'Minima hic voluptate voluptates ut unde hic. A fugiat voluptatem voluptas sapiente eius laudantium. Aliquam occaecati architecto voluptas in eligendi voluptatem. Quod deserunt quaerat magnam debitis.', 3, '2018-09-04 02:24:32', '2018-09-04 02:24:32'),
(70, 32, 'et', 'Fugit at et omnis nihil sunt adipisci est. Iste blanditiis corporis quia laboriosam. Explicabo voluptatem expedita sequi excepturi sunt similique ad. At quod veritatis et ex atque praesentium.', 5, '2018-09-04 02:24:32', '2018-09-04 02:24:32'),
(71, 18, 'quaerat', 'Quasi dolore sint quod aperiam tempora vel quidem. Repellendus iure ducimus rerum quaerat voluptas dicta totam. Libero quasi provident sint cupiditate dolorem et. Et rerum ducimus ea. Quia eum commodi omnis.', 5, '2018-09-04 02:24:32', '2018-09-04 02:24:32'),
(72, 12, 'explicabo', 'Incidunt rem expedita dolor mollitia quaerat. Aliquid atque tenetur nostrum animi. Vitae molestiae dolor delectus qui. Suscipit consequatur sequi voluptas soluta error velit. Est autem dolore et ut.', 1, '2018-09-04 02:24:32', '2018-09-04 02:24:32'),
(73, 41, 'qui', 'Consectetur consequatur eius voluptatibus fugiat porro sunt rerum sunt. Et quam expedita aspernatur quia sed quis. Harum rerum voluptates sint. Culpa voluptas velit minus non soluta.', 2, '2018-09-04 02:24:32', '2018-09-04 02:24:32'),
(74, 42, 'accusamus', 'Ut ut qui suscipit. Accusamus incidunt veritatis nemo ut maiores.', 3, '2018-09-04 02:24:32', '2018-09-04 02:24:32'),
(75, 40, 'perferendis', 'Deleniti expedita adipisci voluptatum veniam facilis quos sed eum. Sapiente ut dolor ut voluptatem dolor veniam voluptatem.', 1, '2018-09-04 02:24:32', '2018-09-04 02:24:32'),
(76, 28, 'optio', 'Dolor nemo dignissimos id esse voluptas commodi. Laudantium quo inventore rerum doloribus doloribus sit officiis nobis. Enim ipsa doloremque assumenda repellendus sint dolorem. Beatae nihil aliquid cum et aut ut.', 3, '2018-09-04 02:24:32', '2018-09-04 02:24:32'),
(77, 21, 'voluptatem', 'Incidunt ea quisquam porro sit nemo. Officiis architecto ut nisi eligendi. Vero accusamus dolores placeat et et.', 5, '2018-09-04 02:24:32', '2018-09-04 02:24:32'),
(78, 36, 'velit', 'Expedita provident consequatur quod quia. Est temporibus sed voluptatem soluta. Rerum nemo necessitatibus deleniti unde quia amet tempora. Id praesentium aut molestias consequuntur similique.', 4, '2018-09-04 02:24:32', '2018-09-04 02:24:32'),
(79, 43, 'ipsam', 'Reiciendis ea perferendis enim veritatis. Consequatur unde quia consequatur omnis. Nisi voluptatem quod excepturi est et accusantium facilis. Aut voluptates doloribus et in et.', 4, '2018-09-04 02:24:32', '2018-09-04 02:24:32'),
(80, 12, 'non', 'Temporibus quam recusandae ab asperiores voluptas. Aliquid atque fuga deserunt ex. Laborum eum iure cum eos praesentium aut. Aliquam voluptatem esse aut delectus laudantium.', 3, '2018-09-04 02:24:32', '2018-09-04 02:24:32'),
(81, 5, 'ut', 'Consequatur et totam non mollitia. Distinctio repudiandae quia asperiores sunt deleniti rem. At nisi veniam adipisci tenetur repellat ut voluptatem qui. Rerum aut nihil ratione eius rerum ut.', 3, '2018-09-04 02:24:32', '2018-09-04 02:24:32'),
(82, 40, 'maiores', 'Illo unde iste nemo amet. Omnis sint dolorem recusandae et id. Fugit voluptates repellat autem sit molestiae fugiat perferendis esse. Architecto aut ipsum hic neque assumenda autem.', 4, '2018-09-04 02:24:32', '2018-09-04 02:24:32'),
(83, 29, 'nostrum', 'Quia odio ipsa quia. Facere rerum non sit quidem. At qui rerum amet sint sint accusamus. Tenetur laudantium et dolores laudantium facere neque.', 3, '2018-09-04 02:24:32', '2018-09-04 02:24:32'),
(84, 5, 'eveniet', 'Nisi illum quia quia nihil modi suscipit sunt. Qui corporis nisi impedit unde quibusdam vitae dolorum sit. Et laudantium commodi quia est numquam itaque.', 3, '2018-09-04 02:24:32', '2018-09-04 02:24:32'),
(85, 10, 'sit', 'Iure sapiente ipsum sapiente quibusdam. Doloribus cupiditate ut et. Ducimus consequuntur aut molestiae expedita ipsam. Atque magnam beatae et assumenda voluptatum voluptas. Tempore architecto accusamus ut eaque magni aut hic.', 2, '2018-09-04 02:24:32', '2018-09-04 02:24:32'),
(86, 17, 'et', 'Ratione fugiat doloribus consequatur nam beatae. Sit eaque unde praesentium cumque consectetur. Illo ut ut quasi velit non inventore. Placeat ut non eos dicta soluta corrupti perspiciatis. Aspernatur dolor iste aliquam non.', 2, '2018-09-04 02:24:32', '2018-09-04 02:24:32'),
(87, 33, 'sit', 'Quam atque quia eos excepturi dolores voluptatem accusamus. Ea eaque sunt impedit repudiandae veritatis debitis. Quam nostrum et quia magni at quasi.', 4, '2018-09-04 02:24:32', '2018-09-04 02:24:32'),
(88, 9, 'repellat', 'Nihil ullam ullam eaque ut quia perspiciatis hic voluptas. Fuga et explicabo amet harum. Debitis ea odio accusantium et sed molestiae sint.', 1, '2018-09-04 02:24:32', '2018-09-04 02:24:32'),
(89, 7, 'voluptas', 'Commodi et deleniti et et nesciunt illum voluptas. Itaque culpa voluptatum tenetur ad. Minus architecto vel illo porro perferendis in non maxime. Quas error est in.', 4, '2018-09-04 02:24:32', '2018-09-04 02:24:32'),
(90, 9, 'ducimus', 'Asperiores et quia enim voluptates repellendus provident nihil. Animi illum perspiciatis nemo quas aliquid totam aut. Optio voluptatem doloremque aut magnam.', 2, '2018-09-04 02:24:32', '2018-09-04 02:24:32'),
(91, 43, 'quaerat', 'Autem illum fugiat sed doloremque aut sapiente. Inventore at repellat optio est nam. Recusandae in quo cupiditate sequi qui dolorem consequatur. Aspernatur magni nemo quos veritatis nesciunt.', 5, '2018-09-04 02:24:32', '2018-09-04 02:24:32'),
(92, 41, 'beatae', 'Nulla porro et eos iste. Illum sequi voluptas inventore assumenda. Odio nisi non iure adipisci quas.', 2, '2018-09-04 02:24:32', '2018-09-04 02:24:32'),
(93, 5, 'vitae', 'Porro mollitia est laboriosam. Porro ut laboriosam rerum perspiciatis qui ut. Nobis velit qui sequi. Exercitationem illo quis pariatur necessitatibus libero et dolorum.', 4, '2018-09-04 02:24:32', '2018-09-04 02:24:32'),
(94, 45, 'quis', 'Autem eum voluptatem qui ea. Iure ut numquam dolor ut perspiciatis vitae.', 5, '2018-09-04 02:24:32', '2018-09-04 02:24:32'),
(95, 36, 'non', 'Corrupti ipsum earum sed. Temporibus voluptatem eos expedita minus.', 5, '2018-09-04 02:24:32', '2018-09-04 02:24:32'),
(96, 48, 'nihil', 'Voluptatem nulla enim quaerat veritatis earum. Nihil qui quasi dignissimos deleniti ipsam molestiae. Impedit sed dicta quaerat aut. Molestiae aut id accusantium.', 4, '2018-09-04 02:24:32', '2018-09-04 02:24:32'),
(97, 29, 'sit', 'Voluptatem qui fugiat atque dolor. Sapiente ut incidunt libero vel sunt. Atque magnam voluptatum ut maiores impedit amet.', 3, '2018-09-04 02:24:32', '2018-09-04 02:24:32'),
(98, 10, 'ut', 'Aspernatur et iusto molestiae ipsum velit minima. Accusamus beatae sunt quis tempora non. Odit fuga tempora pariatur sit voluptatem inventore.', 2, '2018-09-04 02:24:32', '2018-09-04 02:24:32'),
(99, 2, 'molestiae', 'Reiciendis facilis officiis natus ex nesciunt eaque magnam. Doloremque quaerat corrupti nihil dicta commodi exercitationem.', 2, '2018-09-04 02:24:33', '2018-09-04 02:24:33'),
(100, 4, 'dicta', 'Corporis molestias excepturi sequi animi aut voluptatum pariatur. Voluptas ipsum ullam qui corrupti ex et voluptatum.', 1, '2018-09-04 02:24:33', '2018-09-04 02:24:33'),
(101, 10, 'nam', 'Natus nobis consequuntur ad quis. Unde tempore hic distinctio provident repellat. Hic qui sunt ipsum. Ut at est ut facere eum.', 5, '2018-09-04 02:24:33', '2018-09-04 02:24:33'),
(102, 9, 'harum', 'Consectetur voluptatem ut facere. Optio quasi voluptas aut. Quos at ullam enim quis a assumenda accusamus.', 4, '2018-09-04 02:24:33', '2018-09-04 02:24:33'),
(103, 6, 'officia', 'Recusandae et consequuntur non ut. Quisquam consequatur aliquid delectus omnis cumque voluptas. Velit molestias quasi ad. Illum qui dolorum delectus facilis.', 3, '2018-09-04 02:24:33', '2018-09-04 02:24:33'),
(104, 40, 'eos', 'Voluptas nulla nulla esse qui minus. Nihil eveniet cupiditate molestias a id qui.', 2, '2018-09-04 02:24:33', '2018-09-04 02:24:33'),
(105, 21, 'cumque', 'Sit distinctio voluptatem quo at velit est dolore. Ducimus tempore nisi aliquam ut corporis quae et.', 2, '2018-09-04 02:24:33', '2018-09-04 02:24:33'),
(106, 15, 'commodi', 'Consequatur voluptas et accusantium consequuntur quia architecto. Consequatur suscipit sit qui nostrum inventore aliquid saepe. At voluptatem officiis explicabo voluptates aut ut excepturi.', 1, '2018-09-04 02:24:33', '2018-09-04 02:24:33'),
(107, 17, 'et', 'Nam odit veniam et. Labore repudiandae reiciendis dolorem dolor quibusdam. Maiores quasi at hic eos quia. Dolor incidunt dicta accusantium illum.', 3, '2018-09-04 02:24:33', '2018-09-04 02:24:33'),
(108, 16, 'velit', 'Corrupti tenetur distinctio animi autem enim. Ratione dicta ut repudiandae velit magnam amet ratione rerum.', 1, '2018-09-04 02:24:33', '2018-09-04 02:24:33'),
(109, 37, 'nam', 'Reiciendis fugit quo dolorum corporis necessitatibus non et. Tenetur natus illo quam dolore. Voluptatibus sit esse consectetur eligendi assumenda quo praesentium. Et quis iusto repudiandae exercitationem.', 1, '2018-09-04 02:24:33', '2018-09-04 02:24:33'),
(110, 15, 'amet', 'Nobis animi pariatur aliquid facere perspiciatis repudiandae perspiciatis. Aperiam dolores consequuntur officia consequatur adipisci. Corrupti maxime quaerat est qui est vero. Et perferendis eius consequuntur odit ut omnis ducimus rerum.', 5, '2018-09-04 02:24:33', '2018-09-04 02:24:33'),
(111, 2, 'repudiandae', 'Odio dolores quasi impedit omnis velit commodi. Eos doloribus accusantium minus cupiditate. Eaque eum tenetur distinctio itaque quasi. Dolorem beatae rerum quo natus.', 0, '2018-09-04 02:24:33', '2018-09-04 02:24:33'),
(112, 17, 'quasi', 'Nisi ducimus excepturi molestiae aspernatur nihil consequatur. Pariatur qui nihil quidem ut quibusdam assumenda iusto. Ratione dolores quia ut modi numquam aliquam aliquid rerum.', 1, '2018-09-04 02:24:33', '2018-09-04 02:24:33'),
(113, 16, 'aut', 'Atque accusamus ad ipsum nesciunt enim vel autem iusto. Temporibus excepturi voluptates aut a deserunt porro est deleniti. Sit explicabo distinctio laboriosam animi sed ab.', 5, '2018-09-04 02:24:33', '2018-09-04 02:24:33'),
(114, 33, 'quod', 'Occaecati quia autem inventore ipsa ratione. Doloremque cumque iusto qui sequi accusamus. Dignissimos est deleniti suscipit error accusamus quia quo.', 4, '2018-09-04 02:24:33', '2018-09-04 02:24:33'),
(115, 43, 'dolorem', 'At dolores esse iure est quis. Et animi qui qui laborum. Pariatur ad quia ea tempora nam sequi.', 2, '2018-09-04 02:24:33', '2018-09-04 02:24:33'),
(116, 45, 'illum', 'Deserunt quasi ipsa quia et consectetur. Id aperiam nihil enim. Recusandae et dolorum quasi qui fugit omnis. Suscipit aut libero consequatur architecto. Recusandae voluptatum quae nam ut odit rem aspernatur.', 5, '2018-09-04 02:24:33', '2018-09-04 02:24:33'),
(117, 26, 'veritatis', 'Quis perferendis blanditiis et consequatur voluptas. Officiis voluptatem aut numquam ut quas quam saepe in. Sapiente aut quis velit ea praesentium. Nihil mollitia optio non quas earum tempore reiciendis error.', 1, '2018-09-04 02:24:33', '2018-09-04 02:24:33'),
(118, 37, 'accusamus', 'Ipsum facilis sed quibusdam recusandae nostrum fugit veniam omnis. Ea et doloremque error deserunt voluptatem optio sit. Deserunt illo iste similique est et id expedita non. Voluptatem amet corporis nobis vel natus inventore iusto.', 5, '2018-09-04 02:24:33', '2018-09-04 02:24:33'),
(119, 41, 'qui', 'Aut quod veritatis officiis facilis dolorem molestias libero. Quia repudiandae iure ea. Et iste eos rerum ut exercitationem dolor et aut.', 3, '2018-09-04 02:24:33', '2018-09-04 02:24:33'),
(120, 26, 'qui', 'Exercitationem et illo excepturi delectus. Quidem voluptatem exercitationem consequuntur possimus quas veritatis veniam.', 2, '2018-09-04 02:24:33', '2018-09-04 02:24:33'),
(121, 23, 'et', 'Voluptas asperiores dignissimos numquam est quis similique et. Sunt architecto reprehenderit soluta quo voluptatem. Distinctio architecto sit placeat sit qui enim. Aliquam voluptas rerum quia.', 2, '2018-09-04 02:24:33', '2018-09-04 02:24:33'),
(122, 10, 'consequatur', 'Ratione et omnis eligendi tempora. Adipisci quaerat nemo possimus aut. Excepturi enim enim unde eos earum.', 5, '2018-09-04 02:24:33', '2018-09-04 02:24:33'),
(123, 13, 'omnis', 'Quia reiciendis nihil aperiam fugiat. Nostrum fugiat labore officia. Rerum dicta rerum eius voluptas sed suscipit.', 5, '2018-09-04 02:24:33', '2018-09-04 02:24:33'),
(124, 13, 'ad', 'Nobis officiis adipisci maiores iure vel. Officiis libero quis eum voluptates sed voluptates. Culpa minima eius rerum eius molestiae ratione vero.', 4, '2018-09-04 02:24:33', '2018-09-04 02:24:33'),
(125, 48, 'fugit', 'Autem temporibus sit velit quam atque magnam. Itaque autem reiciendis ut est laborum. Molestiae eligendi harum hic similique voluptatem sed.', 0, '2018-09-04 02:24:33', '2018-09-04 02:24:33'),
(126, 25, 'rerum', 'Magnam recusandae ut et voluptatem quam. Ab amet rerum excepturi autem commodi. Quam eaque voluptate qui aut molestias. Et veniam qui eos totam voluptatem aut.', 3, '2018-09-04 02:24:33', '2018-09-04 02:24:33'),
(127, 10, 'veritatis', 'Alias deserunt quia excepturi. Temporibus non magnam iste asperiores. Nulla eum autem autem rerum est quia. Ipsum distinctio ratione rem aliquid ut.', 3, '2018-09-04 02:24:33', '2018-09-04 02:24:33'),
(128, 7, 'inventore', 'Aliquam enim magni fugit ut autem perferendis praesentium. Quis molestiae ullam cum incidunt expedita officia aut. In iste voluptate delectus. Quia magnam id veritatis.', 2, '2018-09-04 02:24:33', '2018-09-04 02:24:33'),
(129, 28, 'autem', 'Quisquam saepe aut amet perferendis. Et ad qui nisi et accusantium. Quis dicta repudiandae aperiam omnis atque.', 0, '2018-09-04 02:24:33', '2018-09-04 02:24:33'),
(130, 20, 'tempora', 'Dolore at eos iusto inventore voluptatum possimus et. Dolores omnis rem doloribus debitis temporibus deserunt incidunt. Eligendi aliquam quasi repellendus dolores est. Adipisci sunt veritatis et dicta.', 5, '2018-09-04 02:24:33', '2018-09-04 02:24:33'),
(131, 32, 'quo', 'Aut voluptate optio dolorum culpa. Qui enim nulla qui accusamus quas. Enim a iusto autem autem.', 5, '2018-09-04 02:24:33', '2018-09-04 02:24:33'),
(132, 42, 'beatae', 'Repellendus voluptate veniam deleniti sed. Dignissimos voluptatem odit quo culpa. Vitae eos nemo veniam illum saepe voluptas alias.', 1, '2018-09-04 02:24:33', '2018-09-04 02:24:33'),
(133, 36, 'dolore', 'Est consequatur vel blanditiis id. Vel assumenda eaque qui perspiciatis dolores. Aut sed tenetur sit id adipisci.', 5, '2018-09-04 02:24:33', '2018-09-04 02:24:33'),
(134, 49, 'iure', 'Eaque illo incidunt odio possimus sed rem vel. Dolorem quo vel cupiditate assumenda perferendis eum. Voluptas sint vel nam dolorem sapiente. Est nam corrupti nemo.', 1, '2018-09-04 02:24:34', '2018-09-04 02:24:34'),
(135, 26, 'voluptas', 'Consequatur fugit repellendus est eos dolores animi. Provident ex et dolorum deserunt. Est sapiente placeat consequatur vitae omnis enim facilis. Iste atque asperiores nesciunt consequuntur quis.', 0, '2018-09-04 02:24:34', '2018-09-04 02:24:34'),
(136, 25, 'sit', 'Iste sapiente sint ad rerum quod quia esse. Velit qui rerum asperiores numquam qui mollitia sapiente mollitia. Sapiente quia velit est.', 1, '2018-09-04 02:24:34', '2018-09-04 02:24:34'),
(137, 48, 'quis', 'Voluptate dolorem hic sed inventore dolor. Eligendi qui culpa ut blanditiis beatae.', 3, '2018-09-04 02:24:34', '2018-09-04 02:24:34'),
(138, 41, 'voluptatem', 'Aut omnis est occaecati est ut aut. Modi id et ipsam id nesciunt et. Fuga qui voluptatem ipsa dignissimos laborum quae. Aut modi ut voluptatibus ipsum est eos.', 0, '2018-09-04 02:24:34', '2018-09-04 02:24:34'),
(139, 23, 'voluptatem', 'Accusantium aut id neque. Tempora rerum et explicabo voluptate voluptas vitae quibusdam.', 0, '2018-09-04 02:24:34', '2018-09-04 02:24:34'),
(140, 33, 'eius', 'Quam laboriosam reiciendis sunt aut aut. Quo animi suscipit expedita autem earum voluptatem ipsum. Saepe autem voluptatem culpa amet eum ut praesentium. Illo excepturi voluptate est corrupti.', 4, '2018-09-04 02:24:34', '2018-09-04 02:24:34'),
(141, 28, 'excepturi', 'Quia sunt illo qui id assumenda adipisci autem. Aut quaerat perferendis qui ut libero eum. Recusandae quasi culpa reprehenderit est praesentium. Quo recusandae aut eligendi quos maxime amet cupiditate.', 5, '2018-09-04 02:24:34', '2018-09-04 02:24:34'),
(142, 1, 'veritatis', 'Tempore eum fugit dicta veniam qui similique repellendus. Soluta voluptates et consequuntur est et sit aut voluptatem. Omnis aut atque et minima omnis. Eos quo aut consequatur id.', 2, '2018-09-04 02:24:34', '2018-09-04 02:24:34'),
(143, 36, 'fugit', 'Natus accusantium dolorem vitae qui commodi rem tempore. Sed sunt consequuntur non delectus officia qui occaecati dolorem. Rerum eius consequatur rerum fuga quia. Ab ea dolore et eaque maiores. Est error modi perferendis dolorum quas et.', 1, '2018-09-04 02:24:34', '2018-09-04 02:24:34'),
(144, 5, 'est', 'Nostrum consequatur rem velit quae et placeat. Qui et iste quos occaecati. Quibusdam accusamus sed et quae animi.', 3, '2018-09-04 02:24:34', '2018-09-04 02:24:34'),
(145, 14, 'aliquid', 'Tempore et quam quod officiis explicabo consequuntur. Dolorum ipsa est voluptas rerum rem veniam. Ipsum quae hic est veniam veritatis magnam consequatur. Fuga asperiores occaecati tenetur.', 3, '2018-09-04 02:24:34', '2018-09-04 02:24:34'),
(146, 25, 'ea', 'Mollitia inventore vero voluptatibus quia quae. Non doloremque mollitia expedita architecto ut voluptatum. Repellendus culpa eaque ea sint doloribus autem. Maiores labore et molestiae eum voluptatem.', 1, '2018-09-04 02:24:34', '2018-09-04 02:24:34'),
(147, 39, 'voluptates', 'Natus facere exercitationem iste. Consequuntur non enim excepturi impedit vel.', 5, '2018-09-04 02:24:34', '2018-09-04 02:24:34'),
(148, 11, 'veritatis', 'Atque provident iusto et adipisci nostrum. Sit consectetur laudantium non qui velit. Et quo ut natus suscipit.', 0, '2018-09-04 02:24:34', '2018-09-04 02:24:34'),
(149, 20, 'ut', 'Sed perspiciatis aut quidem et. Deserunt consequatur eligendi et ut rerum et expedita. Quae eligendi ullam veniam et voluptas beatae est.', 4, '2018-09-04 02:24:34', '2018-09-04 02:24:34'),
(150, 22, 'nihil', 'Praesentium enim placeat aliquid qui est aut. Dolorem est ipsa quas. Accusantium et et quod labore nemo esse saepe. Deleniti et dignissimos blanditiis labore nihil. Enim laboriosam et accusantium explicabo vel nulla magni.', 1, '2018-09-04 02:24:34', '2018-09-04 02:24:34'),
(151, 38, 'sit', 'Officia reprehenderit facere praesentium accusantium alias ut. Tempora repellat laborum ea. Quia qui non officia at aliquam natus omnis. Pariatur deleniti voluptatum qui vel unde.', 5, '2018-09-04 02:24:34', '2018-09-04 02:24:34'),
(152, 32, 'quod', 'Inventore itaque ea aut quas. Rem molestiae repudiandae modi est consequatur itaque. Ut odit et maxime ad omnis sapiente.', 3, '2018-09-04 02:24:34', '2018-09-04 02:24:34'),
(153, 11, 'alias', 'Aut assumenda voluptatem delectus nostrum iste dolorum quos. Reiciendis id deleniti consequuntur.', 0, '2018-09-04 02:24:34', '2018-09-04 02:24:34'),
(154, 20, 'sit', 'Voluptate id eveniet iusto nulla sint odit. Quia provident beatae aliquid sunt occaecati est aut. Voluptas praesentium dolor dolor repellendus ab rerum. Sint sed ut ut sunt rerum officia quis totam.', 2, '2018-09-04 02:24:34', '2018-09-04 02:24:34'),
(155, 19, 'repellendus', 'Et ex in reprehenderit. Sint voluptatem atque ullam sed nihil excepturi. Vero maxime occaecati corrupti dolorem et commodi.', 0, '2018-09-04 02:24:34', '2018-09-04 02:24:34'),
(156, 2, 'neque', 'Qui aliquam ipsum quia fugit et doloremque cumque officia. Tenetur assumenda magni deserunt quia. Iure voluptatem recusandae aspernatur. Cum eaque soluta nostrum hic dolor.', 1, '2018-09-04 02:24:34', '2018-09-04 02:24:34'),
(157, 3, 'at', 'Consectetur consequatur non dolores quaerat sint molestiae esse. Dolores hic porro non consequatur ducimus accusamus. Modi necessitatibus qui cum quas. Iusto consequatur aperiam magni alias animi.', 4, '2018-09-04 02:24:34', '2018-09-04 02:24:34'),
(158, 42, 'quidem', 'Et ullam fugiat expedita ut. Facere doloremque aspernatur voluptatem eum.', 1, '2018-09-04 02:24:34', '2018-09-04 02:24:34'),
(159, 23, 'adipisci', 'Quia ducimus cumque quo recusandae aut. Nobis nostrum minus dolores. Perspiciatis accusamus dolore ducimus aut quaerat quo.', 0, '2018-09-04 02:24:34', '2018-09-04 02:24:34'),
(160, 25, 'rerum', 'Laudantium ipsum qui eius cumque. Soluta harum aut sed excepturi. Quisquam praesentium blanditiis non aut. Quia ea hic sed id suscipit voluptate facere facilis.', 1, '2018-09-04 02:24:34', '2018-09-04 02:24:34'),
(161, 2, 'aut', 'Neque laboriosam sit vero. Quod doloremque magnam non voluptatem nisi dolor velit blanditiis. Qui ratione cumque distinctio et totam et doloribus.', 4, '2018-09-04 02:24:34', '2018-09-04 02:24:34'),
(162, 15, 'id', 'Magni enim est hic dolor. Dolorum ipsam earum consectetur molestiae inventore unde mollitia voluptatibus. Veritatis placeat dolorem sint non. Aut dolores aut non voluptatem nobis voluptatem voluptatem vitae.', 2, '2018-09-04 02:24:34', '2018-09-04 02:24:34'),
(163, 39, 'et', 'Illum dolor delectus et est ut illum. Qui a non autem dolor reprehenderit animi qui. Quaerat similique vitae ad debitis delectus.', 1, '2018-09-04 02:24:34', '2018-09-04 02:24:34'),
(164, 9, 'est', 'Ipsam enim in ut dolores. Quo quo eius ea atque aut debitis. Sit voluptatem aut sunt totam facilis aut quia. Ut vel repellendus quia placeat sapiente voluptate explicabo.', 4, '2018-09-04 02:24:34', '2018-09-04 02:24:34'),
(165, 44, 'optio', 'Soluta aut minima porro asperiores ut in quia. Architecto laboriosam ut laborum deserunt. Cumque voluptas atque culpa.', 2, '2018-09-04 02:24:34', '2018-09-04 02:24:34'),
(166, 28, 'magnam', 'Non ut quis ea voluptate. Placeat aut repudiandae unde natus. Velit illum aspernatur sit magnam et nesciunt rerum.', 4, '2018-09-04 02:24:34', '2018-09-04 02:24:34'),
(167, 15, 'molestiae', 'Laboriosam consequatur et iste placeat. Maiores perspiciatis necessitatibus voluptas aspernatur vel earum. Iste ipsa doloribus dolor magnam beatae quo. At reiciendis et qui.', 1, '2018-09-04 02:24:34', '2018-09-04 02:24:34'),
(168, 19, 'dolores', 'Explicabo consequatur autem est dolorum quam aut quae repellendus. Dolor provident et nam harum impedit officiis aut. Corporis explicabo fugiat iste non totam.', 5, '2018-09-04 02:24:34', '2018-09-04 02:24:34'),
(169, 28, 'est', 'In voluptate est rerum et. Eos quia dicta expedita. Natus voluptas ex corporis assumenda maiores sed aut maxime.', 5, '2018-09-04 02:24:34', '2018-09-04 02:24:34'),
(170, 41, 'iusto', 'Est quis unde temporibus velit iste ea rerum nam. Tempore voluptate ratione omnis quidem velit rerum sint non. Veniam atque sit eos et molestiae sunt eveniet. Voluptatem corrupti doloremque et consequatur.', 4, '2018-09-04 02:24:34', '2018-09-04 02:24:34'),
(171, 42, 'voluptatum', 'Facilis eligendi aperiam autem ad eaque quod ullam. Autem ipsa quam consequatur voluptas laboriosam qui dolor. Omnis voluptatibus maiores ex modi aliquam dolorem at. Omnis doloremque fugit quo incidunt dolores.', 3, '2018-09-04 02:24:34', '2018-09-04 02:24:34'),
(172, 41, 'est', 'Perferendis placeat consequatur fugit qui quasi. Enim ducimus excepturi veritatis dicta. Illo facilis mollitia dolor qui nemo nulla quos.', 3, '2018-09-04 02:24:35', '2018-09-04 02:24:35'),
(173, 15, 'quidem', 'Ea rem rerum consequuntur ex eligendi. Eius odio dolore sed est minima. Facilis illum magni et est quaerat. Illum illum omnis aut ratione reprehenderit aut.', 2, '2018-09-04 02:24:35', '2018-09-04 02:24:35'),
(174, 31, 'et', 'Totam quia rem ab deserunt corrupti officiis. Ut ut necessitatibus enim sunt ipsum harum. Ex et commodi ut omnis assumenda vitae est ratione. Modi aut et ducimus porro nobis. Facilis sunt dolores illum voluptatem impedit ut.', 0, '2018-09-04 02:24:35', '2018-09-04 02:24:35'),
(175, 34, 'voluptatem', 'Cupiditate consequatur culpa eligendi ipsa inventore blanditiis soluta non. Iusto maxime exercitationem iusto eos. Qui neque quis totam temporibus tenetur dolores. Consequatur nulla placeat ut magnam ut deleniti eaque.', 5, '2018-09-04 02:24:35', '2018-09-04 02:24:35'),
(176, 36, 'quas', 'Soluta est corporis ducimus commodi nulla nisi distinctio vitae. Expedita sed necessitatibus eum eveniet accusantium. Ut ab adipisci tempora facere beatae inventore animi vel.', 4, '2018-09-04 02:24:35', '2018-09-04 02:24:35'),
(177, 35, 'vel', 'Occaecati ducimus et et optio tempore. Culpa amet nam consectetur natus et et. Aperiam quis voluptatem deserunt repudiandae omnis repudiandae blanditiis.', 4, '2018-09-04 02:24:35', '2018-09-04 02:24:35'),
(178, 36, 'neque', 'Et officia repudiandae enim recusandae quam ut sit veniam. Est aut quo sed. Et autem et et possimus et et at. Molestiae velit dolorem molestiae non sunt rerum nulla.', 5, '2018-09-04 02:24:35', '2018-09-04 02:24:35'),
(179, 2, 'dolorem', 'Quis nemo magni natus voluptatem officia provident dolor sunt. Et deleniti repellat dolor eos ut. Magni est ipsa officia ipsum.', 2, '2018-09-04 02:24:35', '2018-09-04 02:24:35'),
(180, 47, 'id', 'Aspernatur debitis perspiciatis omnis doloremque iure aut ut. Laborum possimus quam qui enim quis ratione. Reprehenderit aut hic ipsum. Et voluptas ea officiis tempora.', 0, '2018-09-04 02:24:35', '2018-09-04 02:24:35'),
(181, 49, 'doloremque', 'Corrupti ea accusamus sed corporis neque quaerat facere minus. Ipsam voluptas qui libero enim porro eveniet non. Tenetur ut fugiat corrupti quia velit at.', 4, '2018-09-04 02:24:35', '2018-09-04 02:24:35'),
(182, 12, 'molestias', 'Quisquam at aut laboriosam eum. Voluptatem non distinctio rerum laborum provident voluptatum totam. Earum impedit magni est.', 0, '2018-09-04 02:24:35', '2018-09-04 02:24:35'),
(183, 47, 'aut', 'Exercitationem totam nam sunt excepturi est a veniam magni. Omnis corporis dolorem consequatur excepturi.', 4, '2018-09-04 02:24:35', '2018-09-04 02:24:35'),
(184, 20, 'ut', 'Optio dolorem suscipit sint repellat perspiciatis. Cum atque possimus cumque reiciendis incidunt sint quibusdam. Aut omnis sed et distinctio repellat aut corrupti. Quia aut deleniti doloremque voluptas voluptas nulla labore.', 1, '2018-09-04 02:24:35', '2018-09-04 02:24:35'),
(185, 17, 'laborum', 'Fuga et et ut quam est sunt nulla. Neque sit voluptate aliquid. Inventore assumenda rem quis repudiandae.', 2, '2018-09-04 02:24:35', '2018-09-04 02:24:35'),
(186, 30, 'rerum', 'Dolor vel provident enim blanditiis. Earum voluptatibus dolores dolor illo similique vitae ipsa. Ut quia qui dolorem dicta tempora possimus ratione. Blanditiis impedit nihil vitae.', 2, '2018-09-04 02:24:35', '2018-09-04 02:24:35'),
(187, 25, 'aut', 'Itaque et aut omnis consequatur delectus doloremque. Et sunt optio voluptatem earum. Suscipit expedita earum aliquid voluptate esse consequatur dolorum.', 0, '2018-09-04 02:24:35', '2018-09-04 02:24:35'),
(188, 25, 'qui', 'Sunt reiciendis voluptatem perspiciatis qui aperiam. Atque velit repudiandae quis repellendus omnis sint. Adipisci voluptas cumque ab qui optio.', 1, '2018-09-04 02:24:35', '2018-09-04 02:24:35'),
(189, 15, 'aperiam', 'A sit ducimus officiis et consectetur. Soluta officiis eaque voluptatem et ducimus. Temporibus omnis nostrum magni unde officia. Sapiente ad voluptatum est eveniet.', 2, '2018-09-04 02:24:35', '2018-09-04 02:24:35'),
(190, 27, 'enim', 'Alias temporibus cupiditate recusandae voluptates. Et quisquam et iusto iure. Voluptatum molestiae tenetur cupiditate repudiandae accusantium corporis qui. Rerum suscipit voluptatem voluptatum nihil eos dolore autem. Earum itaque debitis delectus nostrum.', 0, '2018-09-04 02:24:35', '2018-09-04 02:24:35'),
(191, 40, 'sapiente', 'Et modi atque rem quasi. Recusandae alias voluptatem ad incidunt rerum iure eveniet nobis. Eum corporis saepe temporibus fuga id odit. Molestiae cumque sed temporibus ea voluptatem.', 2, '2018-09-04 02:24:35', '2018-09-04 02:24:35'),
(192, 41, 'non', 'Sequi repellat dolor perferendis et. Non doloribus cumque repellendus laudantium praesentium. Error cum ipsam ea nostrum et impedit repellat.', 1, '2018-09-04 02:24:35', '2018-09-04 02:24:35'),
(193, 20, 'necessitatibus', 'Accusantium nam sed ut nihil autem possimus. Non et aut ut totam sit quo. Et fugit modi distinctio aspernatur voluptatem quia eum.', 0, '2018-09-04 02:24:35', '2018-09-04 02:24:35'),
(194, 32, 'iure', 'Non est sed nihil et. Commodi ipsum odit soluta. Consequatur assumenda accusamus doloremque rem. Ut ut deleniti sit consequatur dolor in.', 0, '2018-09-04 02:24:35', '2018-09-04 02:24:35'),
(195, 13, 'dolorem', 'Est dolorem omnis aspernatur ex aut. Repellendus quia voluptatem eligendi voluptatem sed provident nobis. Reprehenderit quis aperiam molestiae sint velit consequatur sint ullam. Mollitia molestiae repellendus id dolores ad quia.', 0, '2018-09-04 02:24:35', '2018-09-04 02:24:35'),
(196, 47, 'in', 'Explicabo aut repudiandae quia rem velit nesciunt quo. Molestiae enim nostrum qui in nobis. Et expedita sint commodi odio. Cumque ea asperiores laudantium recusandae occaecati.', 4, '2018-09-04 02:24:35', '2018-09-04 02:24:35'),
(197, 18, 'nobis', 'Optio sequi ea ut suscipit distinctio non alias. Pariatur ducimus odit rem. Aperiam neque et non ut.', 2, '2018-09-04 02:24:35', '2018-09-04 02:24:35'),
(198, 48, 'tempora', 'Quos quia quia totam voluptatum sit aut. Et omnis error eligendi. Magnam explicabo consectetur reprehenderit porro officiis et voluptatum accusamus. Ipsam qui eum voluptatem.', 2, '2018-09-04 02:24:35', '2018-09-04 02:24:35'),
(199, 36, 'velit', 'Ipsum architecto aut laudantium qui. Consectetur dignissimos repudiandae veritatis incidunt qui autem quod commodi. Et et et qui perspiciatis dolorum iusto dolores. Facere quis voluptatum rerum.', 1, '2018-09-04 02:24:35', '2018-09-04 02:24:35'),
(200, 21, 'sunt', 'Quas explicabo mollitia non maxime quidem. Facere maxime recusandae aliquid. Vel voluptatem quod earum dolorem rem. Nostrum porro voluptas aliquid libero.', 1, '2018-09-04 02:24:35', '2018-09-04 02:24:35'),
(201, 34, 'repellendus', 'Itaque quod at repellendus qui quidem. Dolor dolore saepe ipsa saepe quidem enim. Ut dolorem quis sed dolore quia cumque distinctio. Et et ex optio laborum vel voluptates.', 3, '2018-09-04 02:24:35', '2018-09-04 02:24:35'),
(202, 43, 'in', 'Accusantium id nisi natus ut. Nemo distinctio eum aut aut. Est sunt est quia iusto architecto eius.', 4, '2018-09-04 02:24:35', '2018-09-04 02:24:35'),
(203, 29, 'et', 'Aut sit est molestiae tempora. Et architecto dolores praesentium error accusantium. Iure dolorem harum atque ullam sit. Illum consectetur voluptate maxime ut omnis voluptas possimus reiciendis.', 5, '2018-09-04 02:24:35', '2018-09-04 02:24:35'),
(204, 1, 'ea', 'Voluptates ullam similique iste voluptas doloribus commodi. Non laborum voluptatem quis nisi nostrum nam. Est animi itaque dolorem laboriosam architecto accusantium consequatur quia.', 1, '2018-09-04 02:24:36', '2018-09-04 02:24:36'),
(205, 40, 'quia', 'Et similique repellat cum tempora. Eveniet similique aut iure omnis veniam voluptatum et officiis. Odit sequi vero minus dolor quis ea modi.', 3, '2018-09-04 02:24:36', '2018-09-04 02:24:36'),
(206, 34, 'impedit', 'Velit distinctio architecto velit atque quo magni commodi eius. Dicta reprehenderit impedit voluptatem ipsam. Rerum ut vitae ullam voluptas quasi. Sapiente unde non rem est aut et est.', 5, '2018-09-04 02:24:36', '2018-09-04 02:24:36'),
(207, 11, 'aperiam', 'Omnis aperiam vel soluta error accusamus. Ut sit aspernatur eaque dolor error ut officiis. Sapiente ea neque nihil.', 3, '2018-09-04 02:24:36', '2018-09-04 02:24:36'),
(208, 40, 'quia', 'Consequatur non est dolores perspiciatis ut sint unde. Atque et vero non et. Inventore ducimus temporibus neque quasi nobis. Ea rem rerum sunt sed.', 3, '2018-09-04 02:24:36', '2018-09-04 02:24:36'),
(209, 1, 'iusto', 'Molestiae ad quisquam nihil qui alias voluptatem repellat. Incidunt earum eos placeat amet sed mollitia. Ipsum qui dolorem quia et et qui voluptatem.', 1, '2018-09-04 02:24:36', '2018-09-04 02:24:36'),
(210, 48, 'neque', 'Cum nihil unde et eum quia nulla doloribus. Qui quo rerum aut in nisi et. At rerum eum laudantium necessitatibus hic.', 5, '2018-09-04 02:24:36', '2018-09-04 02:24:36'),
(211, 12, 'aut', 'Maxime in molestias repudiandae. At dolorum sit natus cupiditate iure repudiandae. Voluptatum totam quis quia velit. Assumenda ut dolores molestiae aliquam voluptas consequatur perspiciatis.', 3, '2018-09-04 02:24:36', '2018-09-04 02:24:36'),
(212, 19, 'voluptas', 'Ut laboriosam eum ut rerum qui soluta unde et. Commodi eligendi voluptatem voluptatem. Id natus ad voluptas numquam.', 0, '2018-09-04 02:24:36', '2018-09-04 02:24:36'),
(213, 23, 'ex', 'Quae nostrum velit fugit nemo ut. Harum sapiente odit quidem dignissimos sed repellat corporis accusantium. Adipisci officiis dolorum aut beatae quis.', 4, '2018-09-04 02:24:36', '2018-09-04 02:24:36'),
(214, 39, 'dolor', 'Recusandae aut et atque perspiciatis. Qui dicta quasi ut accusamus. Amet optio sunt cumque est qui. Est vero doloremque officiis repellat quae.', 2, '2018-09-04 02:24:36', '2018-09-04 02:24:36'),
(215, 39, 'qui', 'Vel ex fugit delectus consectetur sit aut. Nesciunt voluptatem magni quidem iusto doloremque deleniti. Dolor sunt ad ducimus consequatur est ut. Dolor molestiae a eaque.', 3, '2018-09-04 02:24:36', '2018-09-04 02:24:36'),
(216, 23, 'sit', 'Qui eum repellat ullam. Nesciunt aut magnam quo est. Non animi optio beatae voluptas sint non repellat neque.', 3, '2018-09-04 02:24:36', '2018-09-04 02:24:36'),
(217, 47, 'numquam', 'Tempora vel et sed animi perspiciatis et. Qui fugiat aut explicabo impedit. Aut est est dolorum consequatur quos ea quibusdam. Iure voluptatum rerum eveniet.', 2, '2018-09-04 02:24:36', '2018-09-04 02:24:36'),
(218, 17, 'harum', 'Accusamus assumenda repellat consequatur veniam earum sequi natus dolores. Rerum voluptas voluptates quasi soluta. Odit eos reiciendis dignissimos veritatis. Consequatur maiores eum provident sapiente assumenda.', 3, '2018-09-04 02:24:36', '2018-09-04 02:24:36');
INSERT INTO `reviews` (`id`, `product_id`, `customer`, `review`, `star`, `created_at`, `updated_at`) VALUES
(219, 35, 'est', 'Voluptates harum est voluptatem tempore. Tempore inventore aliquid culpa sint aperiam maxime. Error sed et quos et. Enim iure deserunt ad quod placeat. Repellendus eos ullam sit placeat quia repellat aliquam.', 0, '2018-09-04 02:24:36', '2018-09-04 02:24:36'),
(220, 22, 'repudiandae', 'Debitis nihil quia vero voluptatum molestias reiciendis quis provident. Sequi deleniti provident illo illo deserunt doloribus. Ut nisi reprehenderit dolorum accusamus.', 1, '2018-09-04 02:24:36', '2018-09-04 02:24:36'),
(221, 8, 'ut', 'Quo quaerat eum possimus minima et quia qui. Aut omnis nihil voluptatum voluptatem. Et et quasi labore dolor modi.', 0, '2018-09-04 02:24:36', '2018-09-04 02:24:36'),
(222, 28, 'qui', 'Iusto nostrum velit sed maxime voluptas sed. Cumque ea amet facere explicabo. Nemo rem temporibus fugit laboriosam ullam consectetur. Fugiat culpa quo atque animi sit quia et et.', 0, '2018-09-04 02:24:36', '2018-09-04 02:24:36'),
(223, 22, 'assumenda', 'Hic possimus minima commodi in est. Nihil cumque in eius praesentium nihil ipsam cupiditate. Et est eaque optio odio id et. Rerum provident corrupti quia sed.', 3, '2018-09-04 02:24:36', '2018-09-04 02:24:36'),
(224, 38, 'est', 'Iure dolores quidem perferendis vel aliquam omnis blanditiis. Eaque soluta quia earum odio.', 2, '2018-09-04 02:24:36', '2018-09-04 02:24:36'),
(225, 8, 'optio', 'Quia dolorem aut cumque mollitia. Voluptate ut ea quis eos et.', 3, '2018-09-04 02:24:36', '2018-09-04 02:24:36'),
(226, 45, 'excepturi', 'Mollitia ut quia nam voluptatem. Repellat eveniet nisi placeat neque sit. Porro omnis modi et fugit ut quae suscipit.', 0, '2018-09-04 02:24:36', '2018-09-04 02:24:36'),
(227, 24, 'porro', 'Ea repellendus autem repellat nostrum ut consequatur corporis. Veniam expedita sed accusamus non qui tempore animi. Voluptas expedita quia tempore exercitationem nihil incidunt aliquid.', 2, '2018-09-04 02:24:36', '2018-09-04 02:24:36'),
(228, 50, 'molestiae', 'Quisquam animi quam cupiditate delectus ab. Ratione maiores porro voluptatum. Rerum molestiae aliquam modi numquam sit illum. Quidem et vel temporibus expedita quibusdam non.', 0, '2018-09-04 02:24:36', '2018-09-04 02:24:36'),
(229, 13, 'cupiditate', 'Voluptatum nesciunt possimus quia. Provident nihil sit omnis qui neque.', 4, '2018-09-04 02:24:36', '2018-09-04 02:24:36'),
(230, 35, 'quia', 'Dolore tempora sunt consequuntur ipsum porro. Quia voluptatem molestiae et et. Consectetur consectetur autem in ea accusantium.', 1, '2018-09-04 02:24:36', '2018-09-04 02:24:36'),
(231, 8, 'laudantium', 'Sit est repudiandae exercitationem reprehenderit odio enim alias voluptas. Enim aliquam voluptatem dolore est asperiores quae. Necessitatibus sint culpa cum consequatur nihil voluptas. Voluptate quasi esse voluptate voluptatibus iste maiores perferendis. Aut qui neque dolore facilis velit.', 1, '2018-09-04 02:24:36', '2018-09-04 02:24:36'),
(232, 42, 'aperiam', 'Nam et aut culpa quos. Sit veritatis molestiae voluptatem qui. Eaque saepe libero voluptatibus itaque nam nulla quaerat.', 0, '2018-09-04 02:24:36', '2018-09-04 02:24:36'),
(233, 22, 'inventore', 'Maxime saepe illum eius temporibus non eos. Molestiae error ratione voluptatem eligendi velit distinctio. Pariatur est officia pariatur eaque labore nam. Laudantium dolorem ut culpa.', 3, '2018-09-04 02:24:36', '2018-09-04 02:24:36'),
(234, 9, 'est', 'Explicabo error deleniti qui necessitatibus. Excepturi iusto a voluptas minima doloribus incidunt magni. Et at rerum exercitationem aut dicta.', 4, '2018-09-04 02:24:36', '2018-09-04 02:24:36'),
(235, 43, 'commodi', 'Dolor est aut voluptatem quidem labore. Rem eveniet dolorem quisquam officiis et corrupti. Expedita ad neque neque sed eaque. Quis facilis soluta dolorem quis voluptates aspernatur dolor veritatis.', 0, '2018-09-04 02:24:36', '2018-09-04 02:24:36'),
(236, 32, 'eum', 'Repellat in sequi est iusto veniam. Eius atque asperiores iusto molestias praesentium dolor aliquid. Ut aliquid sed et sed enim. Incidunt quo illum labore non dolor omnis enim.', 1, '2018-09-04 02:24:36', '2018-09-04 02:24:36'),
(237, 12, 'nesciunt', 'Quas aut et rerum beatae dolor officia. Aliquam magnam sed ratione labore id. Totam voluptatum quisquam dolor dicta assumenda voluptatem adipisci. Numquam itaque vel eos minima iusto.', 0, '2018-09-04 02:24:36', '2018-09-04 02:24:36'),
(238, 19, 'nisi', 'Sit unde in blanditiis omnis aut molestiae accusantium corrupti. Nesciunt quia ut suscipit sunt. Nulla autem qui sunt voluptas assumenda cumque fugiat eligendi. Aut et maxime excepturi quo doloremque nihil pariatur.', 0, '2018-09-04 02:24:36', '2018-09-04 02:24:36'),
(239, 16, 'unde', 'Ea sint suscipit quibusdam et quae cumque distinctio. Nulla ipsam excepturi odit consequatur harum assumenda. Est minus dolores recusandae odit quod repellat. Ea soluta alias esse deleniti vitae recusandae.', 5, '2018-09-04 02:24:36', '2018-09-04 02:24:36'),
(240, 42, 'commodi', 'Nihil quia sed perspiciatis veniam. Corrupti maxime officiis et quibusdam molestiae. Est provident corporis perspiciatis a. Deserunt incidunt voluptatibus harum omnis omnis nam.', 4, '2018-09-04 02:24:36', '2018-09-04 02:24:36'),
(241, 34, 'consequatur', 'Eos iusto et odio possimus fugit. Iusto quo sit non alias est enim cupiditate omnis. Reprehenderit ipsam voluptatem rerum.', 2, '2018-09-04 02:24:36', '2018-09-04 02:24:36'),
(242, 42, 'enim', 'Quis corrupti sed possimus totam provident. Velit est unde suscipit et sint. Placeat et eaque quidem cupiditate.', 3, '2018-09-04 02:24:37', '2018-09-04 02:24:37'),
(243, 28, 'dolores', 'Rem architecto ea sed error. Sit praesentium saepe quis tempora officiis voluptas sed. Voluptatum illum consectetur aliquam. Repudiandae occaecati voluptatem autem omnis dignissimos laudantium.', 3, '2018-09-04 02:24:37', '2018-09-04 02:24:37'),
(244, 39, 'sed', 'Ea quas non perferendis quam sequi illum nulla. Non dolorem sint voluptates aut ea earum at. Exercitationem nulla corporis maiores eveniet voluptatem autem. Ut blanditiis occaecati quis.', 1, '2018-09-04 02:24:37', '2018-09-04 02:24:37'),
(245, 30, 'explicabo', 'Veniam dolores voluptatem quisquam incidunt consequatur. Sed hic voluptatem dolores sed est quia eum aut. Neque quae ut occaecati ea dolor quis.', 3, '2018-09-04 02:24:37', '2018-09-04 02:24:37'),
(246, 7, 'et', 'Ex debitis illo molestiae repellendus amet autem. Ut commodi aspernatur temporibus. Magni quasi molestiae voluptatem nulla. Odit sit qui vel itaque enim.', 2, '2018-09-04 02:24:37', '2018-09-04 02:24:37'),
(247, 44, 'ea', 'Omnis voluptatem aliquam dolor cupiditate autem. Error placeat mollitia enim fuga corrupti. Blanditiis sed excepturi quis doloribus dolore. Cum fugit neque quisquam modi cupiditate qui.', 5, '2018-09-04 02:24:37', '2018-09-04 02:24:37'),
(248, 32, 'rem', 'Iusto ratione quia tenetur et ea possimus incidunt. Deserunt commodi necessitatibus totam. Voluptate ea labore illo eos accusantium sunt. Praesentium sit iste sequi repudiandae ipsa.', 4, '2018-09-04 02:24:37', '2018-09-04 02:24:37'),
(249, 27, 'facere', 'Reiciendis praesentium libero nesciunt aliquam et qui. Quia necessitatibus quia sint. Sunt omnis ut tempora laudantium.', 3, '2018-09-04 02:24:37', '2018-09-04 02:24:37'),
(250, 17, 'culpa', 'Labore qui vitae ab aut omnis. Unde dolores eos ullam expedita. Ut repudiandae quam autem ea.', 5, '2018-09-04 02:24:37', '2018-09-04 02:24:37'),
(251, 15, 'accusantium', 'Perspiciatis repudiandae iusto dolor ut. Nulla voluptatem iusto quia aliquid vero quia. Excepturi quia rem nihil odio eveniet voluptatem aut.', 5, '2018-09-04 02:24:37', '2018-09-04 02:24:37'),
(252, 8, 'alias', 'Ab harum eveniet vel aut. Nihil deleniti non eius qui. Dolor maiores temporibus eligendi et sed soluta. Facere odit suscipit molestiae porro soluta. Nihil rerum dolorum consequatur culpa amet sit aut impedit.', 4, '2018-09-04 02:24:37', '2018-09-04 02:24:37'),
(253, 33, 'totam', 'Iste quod reiciendis ut omnis nemo dolores. Eligendi commodi doloribus tenetur atque aliquid magnam accusamus. Qui velit et suscipit illo.', 1, '2018-09-04 02:24:37', '2018-09-04 02:24:37'),
(254, 19, 'mollitia', 'Est fuga rerum fugiat similique asperiores. Est enim et est atque cum.', 5, '2018-09-04 02:24:37', '2018-09-04 02:24:37'),
(255, 48, 'rerum', 'Deserunt eveniet fugiat dolore. Suscipit quod maxime rerum animi. Porro dolorem sit aspernatur laboriosam omnis. Sed quaerat qui nesciunt illum.', 0, '2018-09-04 02:24:37', '2018-09-04 02:24:37'),
(256, 12, 'omnis', 'Et magnam impedit sunt voluptas aut atque. Tempore quo accusamus inventore provident quasi dolorem.', 3, '2018-09-04 02:24:37', '2018-09-04 02:24:37'),
(257, 40, 'odio', 'Sequi iure quidem qui est et non architecto commodi. Ut ratione vitae debitis architecto rerum quos. Iure rem qui voluptatem quod sapiente optio laborum. Qui placeat nam eos quos debitis voluptatum impedit.', 5, '2018-09-04 02:24:37', '2018-09-04 02:24:37'),
(258, 24, 'architecto', 'Alias ut facere quia non qui voluptatem dolor et. Et quo nihil odio. Accusamus molestiae eaque similique sed.', 5, '2018-09-04 02:24:37', '2018-09-04 02:24:37'),
(259, 23, 'tempora', 'Beatae voluptatem aliquid dolorem ipsa. Vel libero hic ex quasi non in tempore. Qui a incidunt cumque dolor.', 2, '2018-09-04 02:24:37', '2018-09-04 02:24:37'),
(260, 10, 'et', 'Ut ea ab asperiores eos. Laborum atque sequi omnis ipsa aspernatur praesentium quia. Eligendi similique asperiores ipsam id quia impedit est. Quia minima corrupti consequatur ut velit.', 5, '2018-09-04 02:24:37', '2018-09-04 02:24:37'),
(261, 39, 'error', 'Facilis veritatis id iure officiis quia praesentium quibusdam. Dolorem voluptate quae fuga saepe. Cumque est perferendis qui.', 5, '2018-09-04 02:24:37', '2018-09-04 02:24:37'),
(262, 12, 'voluptatem', 'Suscipit ipsum voluptas labore dolores sunt autem est cumque. Consequatur ullam sunt in rerum magni reprehenderit accusamus asperiores. Harum iusto dolorum molestiae maiores. Magni quasi voluptatem eum saepe minus.', 0, '2018-09-04 02:24:37', '2018-09-04 02:24:37'),
(263, 32, 'a', 'Rem quia rem omnis alias officia dolore maxime. Et repellendus consectetur nisi maxime quas necessitatibus. Ut voluptas aut impedit eaque. Maiores voluptates autem aut qui id.', 3, '2018-09-04 02:24:37', '2018-09-04 02:24:37'),
(264, 19, 'iure', 'Deserunt porro natus velit molestiae odio hic. Sapiente delectus quas quod est voluptatem suscipit aut dignissimos. Eos eaque consequatur nam minima velit quis enim. Rerum in blanditiis earum est nesciunt.', 5, '2018-09-04 02:24:37', '2018-09-04 02:24:37'),
(265, 46, 'rerum', 'Aut iste autem eligendi fuga. Fugiat nesciunt hic enim iusto. Quis aut corrupti a voluptate.', 0, '2018-09-04 02:24:37', '2018-09-04 02:24:37'),
(266, 29, 'non', 'Labore alias sed molestiae quia rerum ducimus. Sit adipisci et aspernatur repellat quia est rerum. Enim eaque cumque recusandae nostrum ab tempore.', 5, '2018-09-04 02:24:37', '2018-09-04 02:24:37'),
(267, 31, 'soluta', 'Et qui qui rerum dolorum minus sed qui. Vero culpa ea doloremque ut ratione laborum. Qui corporis commodi incidunt aliquid repudiandae rerum vel molestiae.', 5, '2018-09-04 02:24:37', '2018-09-04 02:24:37'),
(268, 8, 'in', 'Temporibus sapiente quisquam nostrum incidunt autem modi. Libero aut et qui ut. Impedit rem et tempore. Ut occaecati quis dolorem impedit natus.', 2, '2018-09-04 02:24:37', '2018-09-04 02:24:37'),
(269, 10, 'quam', 'Totam error minima aliquid assumenda. Voluptate quia optio laborum vero veritatis non. Ut numquam eaque nihil quia.', 1, '2018-09-04 02:24:37', '2018-09-04 02:24:37'),
(270, 19, 'ullam', 'Deserunt pariatur fugiat consequatur iusto et velit officiis eos. Consequuntur sapiente sit cum qui. Facilis voluptatem molestias et amet.', 3, '2018-09-04 02:24:37', '2018-09-04 02:24:37'),
(271, 6, 'soluta', 'Sed voluptatibus voluptatem natus aperiam quos. Voluptatem sit consequatur provident et dicta. Iste ut nihil minus vitae.', 0, '2018-09-04 02:24:37', '2018-09-04 02:24:37'),
(272, 22, 'in', 'Porro fugiat atque sapiente totam corporis deleniti. Vel aspernatur velit consequatur neque.', 1, '2018-09-04 02:24:37', '2018-09-04 02:24:37'),
(273, 6, 'quo', 'Iure ut earum eos qui. Praesentium aut qui iusto hic. Veniam ipsa in saepe. Ipsum ut ut id dolor aut.', 0, '2018-09-04 02:24:37', '2018-09-04 02:24:37'),
(274, 17, 'iure', 'Corporis et nihil facere possimus optio voluptas et amet. Porro est recusandae asperiores quos officia soluta.', 0, '2018-09-04 02:24:37', '2018-09-04 02:24:37'),
(275, 16, 'aut', 'Aut exercitationem porro rerum porro quia sit eveniet et. Provident perferendis hic pariatur quas sapiente ut quo. Nesciunt neque non tenetur magnam. Ipsum omnis voluptatem reprehenderit et sit.', 3, '2018-09-04 02:24:37', '2018-09-04 02:24:37'),
(276, 20, 'quasi', 'Quibusdam quo sed placeat rem doloribus expedita. Iste quo nam dicta doloremque.', 4, '2018-09-04 02:24:38', '2018-09-04 02:24:38'),
(277, 37, 'ut', 'Et voluptates dolor accusantium veritatis mollitia harum. Unde odit quibusdam sit autem beatae quia voluptatem maiores. Qui in amet commodi sunt vero quia. Asperiores quia omnis sit excepturi et placeat sit.', 0, '2018-09-04 02:24:38', '2018-09-04 02:24:38'),
(278, 14, 'accusamus', 'Voluptas ipsum inventore praesentium sed corrupti saepe. Et est ad quo quasi. Modi alias officiis sit tenetur. Optio ea veniam pariatur id.', 5, '2018-09-04 02:24:38', '2018-09-04 02:24:38'),
(279, 14, 'alias', 'Et voluptatem aut assumenda omnis dolorem recusandae sapiente. Est voluptates odio et labore molestiae perspiciatis. Reprehenderit sit cupiditate sequi. Assumenda exercitationem quas enim porro corporis qui id.', 5, '2018-09-04 02:24:38', '2018-09-04 02:24:38'),
(280, 20, 'optio', 'Officia qui sit quibusdam deleniti ut voluptate ad. Ut voluptatibus aut accusamus et cupiditate similique fuga. Quidem excepturi quis nam sit aut sit praesentium. Distinctio vero culpa voluptate deserunt qui rerum.', 2, '2018-09-04 02:24:38', '2018-09-04 02:24:38'),
(281, 8, 'perferendis', 'Non voluptatem voluptatem qui tempora dolor. Odit aut iste voluptatem qui velit. Sed aspernatur ut voluptatem dicta porro sint.', 4, '2018-09-04 02:24:38', '2018-09-04 02:24:38'),
(282, 21, 'aperiam', 'Optio nobis enim aut eius. Ea omnis repellat vitae id omnis quia.', 5, '2018-09-04 02:24:38', '2018-09-04 02:24:38'),
(283, 41, 'quidem', 'Suscipit iusto deserunt quo ipsam dolor nihil. Omnis eum voluptas sunt quidem excepturi consequatur similique. Harum autem esse a voluptatum aut. Beatae qui facilis enim ad quisquam saepe maxime pariatur.', 0, '2018-09-04 02:24:38', '2018-09-04 02:24:38'),
(284, 45, 'in', 'Error recusandae reprehenderit dolorem in non. Ullam rerum atque dolore molestiae beatae. Ut veritatis incidunt numquam aut nam quasi.', 4, '2018-09-04 02:24:38', '2018-09-04 02:24:38'),
(285, 39, 'quisquam', 'Illo est quia tempora ut. Neque incidunt repudiandae labore optio. Quos dolore adipisci et consequatur asperiores sunt.', 4, '2018-09-04 02:24:38', '2018-09-04 02:24:38'),
(286, 1, 'nobis', 'Omnis dolore et ipsa omnis consequatur dolorum quia. Quas et sequi itaque reiciendis voluptatum. Voluptatem ut id omnis ratione accusantium.', 2, '2018-09-04 02:24:38', '2018-09-04 02:24:38'),
(287, 19, 'est', 'Qui voluptatem ea optio nulla mollitia. Earum ratione repudiandae impedit rem id. Aut nam totam reiciendis voluptas mollitia quia est.', 5, '2018-09-04 02:24:38', '2018-09-04 02:24:38'),
(288, 4, 'perspiciatis', 'Laudantium ipsa corrupti ut quasi illum nobis quis illo. Eveniet recusandae consequatur in laboriosam. Fugiat qui ex doloribus aut molestiae repudiandae corporis. Laudantium inventore dolores blanditiis amet dolores in id.', 4, '2018-09-04 02:24:38', '2018-09-04 02:24:38'),
(289, 40, 'sapiente', 'Perferendis quas sit fugiat velit doloribus eos. Iusto repellat omnis ratione vel. Non sit ut rem veritatis.', 1, '2018-09-04 02:24:38', '2018-09-04 02:24:38'),
(290, 27, 'repudiandae', 'Necessitatibus dicta velit aut quidem. Et quia sit sapiente est corporis. Omnis corporis commodi et nulla quos. Aut possimus voluptates porro beatae aliquid nihil cumque.', 2, '2018-09-04 02:24:38', '2018-09-04 02:24:38'),
(291, 10, 'est', 'Numquam error ut rerum molestiae hic quaerat quibusdam eveniet. Voluptates asperiores assumenda qui aut omnis labore. Voluptatem velit ex saepe et eaque voluptas sequi voluptatibus.', 1, '2018-09-04 02:24:38', '2018-09-04 02:24:38'),
(292, 4, 'maxime', 'Aspernatur excepturi et enim eligendi est amet. A dolores ab voluptas doloribus vel ipsa. Quas ea at accusamus aspernatur est rerum.', 5, '2018-09-04 02:24:38', '2018-09-04 02:24:38'),
(293, 8, 'repellat', 'Aut saepe maiores ea debitis nam. Ipsa recusandae a nam consequatur sint. Unde sapiente nulla non qui. Reprehenderit maxime voluptatum accusamus architecto necessitatibus repellendus excepturi et.', 0, '2018-09-04 02:24:38', '2018-09-04 02:24:38'),
(294, 45, 'reprehenderit', 'Ut accusantium dolores at aut non. Voluptas ut est sed alias quia. Qui velit quo iure consequuntur est dolorem sunt.', 3, '2018-09-04 02:24:38', '2018-09-04 02:24:38'),
(295, 37, 'labore', 'Et qui numquam porro ea. Cumque qui tempore aliquam quod impedit aut et. Vel eius nesciunt est hic expedita veritatis.', 3, '2018-09-04 02:24:38', '2018-09-04 02:24:38'),
(296, 4, 'sed', 'Maiores doloribus aut qui maiores ut. Sit ut natus ipsam minima. Debitis nobis eaque ea et natus et deserunt beatae. Non adipisci maxime debitis nobis est tempora.', 5, '2018-09-04 02:24:38', '2018-09-04 02:24:38'),
(297, 42, 'ratione', 'Dolor possimus quod deleniti mollitia pariatur. Sed qui explicabo expedita nihil ab. Distinctio quia reiciendis exercitationem itaque sapiente. Sed aut ex voluptas veniam est.', 1, '2018-09-04 02:24:38', '2018-09-04 02:24:38'),
(298, 5, 'vel', 'Ex beatae ullam illo ut aut. Molestias fuga sit voluptatem est tempore. Quidem assumenda et voluptatem fugit ut ea ut. Nesciunt sit nobis sit distinctio quia quisquam. Nesciunt quam minus laboriosam maxime non.', 3, '2018-09-04 02:24:38', '2018-09-04 02:24:38'),
(299, 7, 'sed', 'Nisi rerum ab quasi vel minus velit. Delectus aut nulla et dolorum illum. Excepturi est aliquam corrupti voluptatibus qui debitis sunt eaque. Aut dolor aperiam necessitatibus in quia voluptas. Nesciunt sit nisi vero vero repellat est magni sint.', 5, '2018-09-04 02:24:38', '2018-09-04 02:24:38'),
(300, 12, 'ratione', 'Quia voluptate ut pariatur est quam voluptas. Quia pariatur est quam iste libero delectus assumenda provident. Rerum aut odit incidunt enim ullam pariatur saepe. Quia magni eaque beatae debitis voluptatum aut error commodi.', 5, '2018-09-04 02:24:38', '2018-09-04 02:24:38');

-- --------------------------------------------------------

--
-- Table structure for table `users`
--

CREATE TABLE `users` (
  `id` int(10) UNSIGNED NOT NULL,
  `name` varchar(191) COLLATE utf8mb4_unicode_ci NOT NULL,
  `email` varchar(191) COLLATE utf8mb4_unicode_ci NOT NULL,
  `password` varchar(191) COLLATE utf8mb4_unicode_ci NOT NULL,
  `remember_token` varchar(100) COLLATE utf8mb4_unicode_ci DEFAULT NULL,
  `created_at` timestamp NULL DEFAULT NULL,
  `updated_at` timestamp NULL DEFAULT NULL
) ENGINE=InnoDB DEFAULT CHARSET=utf8mb4 COLLATE=utf8mb4_unicode_ci;

--
-- Indexes for dumped tables
--

--
-- Indexes for table `migrations`
--
ALTER TABLE `migrations`
  ADD PRIMARY KEY (`id`);

--
-- Indexes for table `password_resets`
--
ALTER TABLE `password_resets`
  ADD KEY `password_resets_email_index` (`email`);

--
-- Indexes for table `products`
--
ALTER TABLE `products`
  ADD PRIMARY KEY (`id`);

--
-- Indexes for table `reviews`
--
ALTER TABLE `reviews`
  ADD PRIMARY KEY (`id`),
  ADD KEY `reviews_product_id_index` (`product_id`);

--
-- Indexes for table `users`
--
ALTER TABLE `users`
  ADD PRIMARY KEY (`id`),
  ADD UNIQUE KEY `users_email_unique` (`email`);

--
-- AUTO_INCREMENT for dumped tables
--

--
-- AUTO_INCREMENT for table `migrations`
--
ALTER TABLE `migrations`
  MODIFY `id` int(10) UNSIGNED NOT NULL AUTO_INCREMENT, AUTO_INCREMENT=5;

--
-- AUTO_INCREMENT for table `products`
--
ALTER TABLE `products`
  MODIFY `id` int(10) UNSIGNED NOT NULL AUTO_INCREMENT, AUTO_INCREMENT=51;

--
-- AUTO_INCREMENT for table `reviews`
--
ALTER TABLE `reviews`
  MODIFY `id` int(10) UNSIGNED NOT NULL AUTO_INCREMENT, AUTO_INCREMENT=301;

--
-- AUTO_INCREMENT for table `users`
--
ALTER TABLE `users`
  MODIFY `id` int(10) UNSIGNED NOT NULL AUTO_INCREMENT;

--
-- Constraints for dumped tables
--

--
-- Constraints for table `reviews`
--
ALTER TABLE `reviews`
  ADD CONSTRAINT `reviews_product_id_foreign` FOREIGN KEY (`product_id`) REFERENCES `products` (`id`) ON DELETE CASCADE;
COMMIT;

/*!40101 SET CHARACTER_SET_CLIENT=@OLD_CHARACTER_SET_CLIENT */;
/*!40101 SET CHARACTER_SET_RESULTS=@OLD_CHARACTER_SET_RESULTS */;
/*!40101 SET COLLATION_CONNECTION=@OLD_COLLATION_CONNECTION */;
